"","key","year","population"
"1",1,2009-01-01,11790
"2",1,2010-01-01,14980
"3",1,2011-01-01,15583
"4",1,2012-01-01,16078
"5",1,2013-01-01,16567
"6",1,2014-01-01,17062
"7",1,2015-01-01,17557
"8",1,2016-01-01,17965
"9",1,2017-01-01,18372
"10",1,2020-01-01,22138
"11",1,2021-01-01,25848
"12",1,2022-01-01,28680
"13",2,2009-01-01,357
"14",2,2010-01-01,374
"15",2,2011-01-01,389
"16",2,2012-01-01,403
"17",2,2013-01-01,414
"18",2,2014-01-01,426
"19",2,2015-01-01,439
"20",2,2016-01-01,449
"21",2,2017-01-01,459
"22",2,2020-01-01,646
"23",2,2021-01-01,757
"24",2,2022-01-01,935
"25",3,2009-01-01,1277
"26",3,2010-01-01,1337
"27",3,2011-01-01,1391
"28",3,2012-01-01,1433
"29",3,2013-01-01,1479
"30",3,2014-01-01,1523
"31",3,2015-01-01,1567
"32",3,2016-01-01,1604
"33",3,2017-01-01,1640
"34",3,2020-01-01,1951
"35",3,2021-01-01,2271
"36",3,2022-01-01,2435
"37",4,2009-01-01,1046
"38",4,2010-01-01,880
"39",4,2011-01-01,832
"40",4,2012-01-01,834
"41",4,2013-01-01,835
"42",4,2014-01-01,837
"43",4,2015-01-01,839
"44",4,2016-01-01,1159
"45",4,2017-01-01,878
"46",4,2020-01-01,1219
"47",4,2021-01-01,1444
"48",4,2022-01-01,2511
"49",5,2009-01-01,281
"50",5,2010-01-01,236
"51",5,2011-01-01,222
"52",5,2012-01-01,223
"53",5,2013-01-01,223
"54",5,2014-01-01,224
"55",5,2015-01-01,224
"56",5,2016-01-01,125
"57",5,2017-01-01,234
"58",5,2020-01-01,236
"59",5,2021-01-01,276
"60",5,2022-01-01,481
"61",6,2009-01-01,926
"62",6,2010-01-01,970
"63",6,2011-01-01,1009
"64",6,2012-01-01,1040
"65",6,2013-01-01,1073
"66",6,2014-01-01,1105
"67",6,2015-01-01,1136
"68",6,2016-01-01,1164
"69",6,2017-01-01,1189
"70",6,2020-01-01,1111
"71",6,2021-01-01,1292
"72",6,2022-01-01,1408
"73",7,2009-01-01,80
"74",7,2010-01-01,84
"75",7,2011-01-01,90
"76",7,2012-01-01,94
"77",7,2013-01-01,96
"78",7,2014-01-01,99
"79",7,2015-01-01,102
"80",7,2016-01-01,104
"81",7,2017-01-01,107
"82",7,2020-01-01,109
"83",7,2021-01-01,129
"84",7,2022-01-01,456
"85",8,2009-01-01,399
"86",8,2010-01-01,418
"87",8,2011-01-01,435
"88",8,2012-01-01,451
"89",8,2013-01-01,462
"90",8,2014-01-01,476
"91",8,2015-01-01,490
"92",8,2016-01-01,501
"93",8,2017-01-01,513
"94",8,2020-01-01,492
"95",8,2021-01-01,572
"96",8,2022-01-01,913
"97",9,2009-01-01,1072
"98",9,2010-01-01,1126
"99",9,2011-01-01,1168
"100",9,2012-01-01,1208
"101",9,2013-01-01,1242
"102",9,2014-01-01,1279
"103",9,2015-01-01,1317
"104",9,2016-01-01,1347
"105",9,2017-01-01,1378
"106",9,2020-01-01,1639
"107",9,2021-01-01,1915
"108",9,2022-01-01,2325
"109",10,2009-01-01,677
"110",10,2010-01-01,709
"111",10,2011-01-01,737
"112",10,2012-01-01,760
"113",10,2013-01-01,784
"114",10,2014-01-01,807
"115",10,2015-01-01,831
"116",10,2016-01-01,449
"117",10,2017-01-01,870
"118",10,2020-01-01,880
"119",10,2021-01-01,1028
"120",10,2022-01-01,1336
"121",11,2009-01-01,709
"122",11,2010-01-01,740
"123",11,2011-01-01,835
"124",11,2012-01-01,864
"125",11,2013-01-01,887
"126",11,2014-01-01,911
"127",11,2015-01-01,940
"128",11,2016-01-01,962
"129",11,2017-01-01,984
"130",11,2020-01-01,973
"131",11,2021-01-01,1138
"132",11,2022-01-01,1420
"133",12,2009-01-01,453
"134",12,2010-01-01,472
"135",12,2011-01-01,494
"136",12,2012-01-01,509
"137",12,2013-01-01,525
"138",12,2014-01-01,541
"139",12,2015-01-01,557
"140",12,2016-01-01,569
"141",12,2017-01-01,583
"142",12,2020-01-01,601
"143",12,2021-01-01,702
"144",12,2022-01-01,907
"145",13,2009-01-01,884.420323583212
"146",13,2010-01-01,846.13344441657
"147",13,2011-01-01,922.06579340035
"148",13,2012-01-01,987.350642987421
"149",13,2013-01-01,971.577184457198
"150",13,2014-01-01,1074
"151",13,2015-01-01,1105
"152",13,2016-01-01,1131
"153",13,2017-01-01,1156
"154",13,2020-01-01,1195
"155",13,2021-01-01,1397
"156",13,2022-01-01,1806
"157",14,2009-01-01,7641
"158",14,2010-01-01,10539
"159",14,2011-01-01,25183
"160",14,2012-01-01,25968
"161",14,2013-01-01,26773
"162",14,2014-01-01,27573
"163",14,2015-01-01,28373
"164",14,2016-01-01,29033
"165",14,2017-01-01,29689
"166",14,2020-01-01,31995
"167",14,2021-01-01,37357
"168",14,2022-01-01,39133
"169",15,2009-01-01,370
"170",15,2010-01-01,387
"171",15,2011-01-01,403
"172",15,2012-01-01,417
"173",15,2013-01-01,429
"174",15,2014-01-01,442
"175",15,2015-01-01,455
"176",15,2016-01-01,1187
"177",15,2017-01-01,476
"178",15,2020-01-01,512
"179",15,2021-01-01,598
"180",15,2022-01-01,932
"181",16,2009-01-01,198
"182",16,2010-01-01,210
"183",16,2011-01-01,216
"184",16,2012-01-01,227
"185",16,2013-01-01,229
"186",16,2014-01-01,236
"187",16,2015-01-01,243
"188",16,2016-01-01,248
"189",16,2017-01-01,254
"190",16,2020-01-01,265
"191",16,2021-01-01,308
"192",16,2022-01-01,587
"193",17,2009-01-01,536
"194",17,2010-01-01,558
"195",17,2011-01-01,584
"196",17,2012-01-01,602
"197",17,2013-01-01,621
"198",17,2014-01-01,640
"199",17,2015-01-01,658
"200",17,2016-01-01,673
"201",17,2017-01-01,689
"202",17,2020-01-01,637
"203",17,2021-01-01,743
"204",17,2022-01-01,1016
"205",18,2009-01-01,287
"206",18,2010-01-01,303
"207",18,2011-01-01,312
"208",18,2012-01-01,312
"209",18,2013-01-01,333
"210",18,2014-01-01,343
"211",18,2015-01-01,353
"212",18,2016-01-01,361
"213",18,2017-01-01,369
"214",18,2020-01-01,406
"215",18,2021-01-01,480
"216",18,2022-01-01,844
"217",19,2009-01-01,2617
"218",19,2010-01-01,2741
"219",19,2011-01-01,2852
"220",19,2012-01-01,2942
"221",19,2013-01-01,3032
"222",19,2014-01-01,3123
"223",19,2015-01-01,3212
"224",19,2016-01-01,3298
"225",19,2017-01-01,3361
"226",19,2020-01-01,3838
"227",19,2021-01-01,4482
"228",19,2022-01-01,5882
"229",20,2009-01-01,843
"230",20,2010-01-01,883
"231",20,2011-01-01,918
"232",20,2012-01-01,947
"233",20,2013-01-01,976
"234",20,2014-01-01,1005
"235",20,2015-01-01,1034
"236",20,2016-01-01,1058
"237",20,2017-01-01,1082
"238",20,2020-01-01,1052
"239",20,2021-01-01,1226
"240",20,2022-01-01,1490
"241",21,2009-01-01,223
"242",21,2010-01-01,232
"243",21,2011-01-01,243
"244",21,2012-01-01,246
"245",21,2013-01-01,258
"246",21,2014-01-01,266
"247",21,2015-01-01,273
"248",21,2016-01-01,280
"249",21,2017-01-01,286
"250",21,2020-01-01,290
"251",21,2021-01-01,344
"252",21,2022-01-01,632
"253",22,2009-01-01,396
"254",22,2010-01-01,414
"255",22,2011-01-01,431
"256",22,2012-01-01,447
"257",22,2013-01-01,459
"258",22,2014-01-01,473
"259",22,2015-01-01,486
"260",22,2016-01-01,498
"261",22,2017-01-01,509
"262",22,2020-01-01,506
"263",22,2021-01-01,590
"264",22,2022-01-01,874
"265",23,2009-01-01,2890
"266",23,2010-01-01,2641
"267",23,2011-01-01,2207
"268",23,2012-01-01,2217
"269",23,2013-01-01,2226
"270",23,2014-01-01,2234
"271",23,2015-01-01,2239
"272",23,2016-01-01,2734
"273",23,2017-01-01,2343
"274",23,2020-01-01,2821
"275",23,2021-01-01,3279
"276",23,2022-01-01,3842
"277",24,2009-01-01,482
"278",24,2010-01-01,441
"279",24,2011-01-01,416
"280",24,2012-01-01,414
"281",24,2013-01-01,420
"282",24,2014-01-01,421
"283",24,2015-01-01,422
"284",24,2016-01-01,432
"285",24,2017-01-01,442
"286",24,2020-01-01,468
"287",24,2021-01-01,543
"288",24,2022-01-01,636
"289",25,2009-01-01,249
"290",25,2010-01-01,229
"291",25,2011-01-01,216
"292",25,2012-01-01,215
"293",25,2013-01-01,218
"294",25,2014-01-01,219
"295",25,2015-01-01,219
"296",25,2016-01-01,131
"297",25,2017-01-01,229
"298",25,2020-01-01,262
"299",25,2021-01-01,309
"300",25,2022-01-01,365
"301",26,2009-01-01,65
"302",26,2010-01-01,107
"303",26,2011-01-01,115
"304",26,2012-01-01,116
"305",26,2013-01-01,119
"306",26,2014-01-01,122
"307",26,2015-01-01,124
"308",26,2016-01-01,55
"309",26,2017-01-01,130
"310",26,2020-01-01,170
"311",26,2021-01-01,194
"312",26,2022-01-01,242
"313",27,2009-01-01,741
"314",27,2010-01-01,678
"315",27,2011-01-01,642
"316",27,2012-01-01,642
"317",27,2013-01-01,648
"318",27,2014-01-01,650
"319",27,2015-01-01,652
"320",27,2016-01-01,432
"321",27,2017-01-01,682
"322",27,2020-01-01,710
"323",27,2021-01-01,828
"324",27,2022-01-01,967
"325",28,2009-01-01,247.88634999758
"326",28,2010-01-01,260.180957648472
"327",28,2011-01-01,291
"328",28,2012-01-01,292
"329",28,2013-01-01,294
"330",28,2014-01-01,295
"331",28,2015-01-01,296
"332",28,2016-01-01,303
"333",28,2017-01-01,310
"334",28,2020-01-01,318
"335",28,2021-01-01,369
"336",28,2022-01-01,432
"337",29,2009-01-01,311
"338",29,2010-01-01,283
"339",29,2011-01-01,271
"340",29,2012-01-01,276
"341",29,2013-01-01,273
"342",29,2014-01-01,274
"343",29,2015-01-01,275
"344",29,2016-01-01,671
"345",29,2017-01-01,288
"346",29,2020-01-01,321
"347",29,2021-01-01,373
"348",29,2022-01-01,435
"349",30,2009-01-01,353
"350",30,2010-01-01,325
"351",30,2011-01-01,307
"352",30,2012-01-01,309
"353",30,2013-01-01,309
"354",30,2014-01-01,310
"355",30,2015-01-01,311
"356",30,2016-01-01,188
"357",30,2017-01-01,325
"358",30,2020-01-01,331
"359",30,2021-01-01,385
"360",30,2022-01-01,452
"361",31,2009-01-01,498
"362",31,2010-01-01,455
"363",31,2011-01-01,431
"364",31,2012-01-01,436
"365",31,2013-01-01,435
"366",31,2014-01-01,436
"367",31,2015-01-01,438
"368",31,2016-01-01,266
"369",31,2017-01-01,458
"370",31,2020-01-01,465
"371",31,2021-01-01,544
"372",31,2022-01-01,637
"373",32,2009-01-01,122
"374",32,2010-01-01,208
"375",32,2011-01-01,211
"376",32,2012-01-01,215
"377",32,2013-01-01,223
"378",32,2014-01-01,228
"379",32,2015-01-01,235
"380",32,2016-01-01,187
"381",32,2017-01-01,246
"382",32,2020-01-01,279
"383",32,2021-01-01,334
"384",32,2022-01-01,414
"385",34,2009-01-01,1298
"386",34,2010-01-01,1098
"387",34,2011-01-01,1032
"388",34,2012-01-01,1033
"389",34,2013-01-01,1038
"390",34,2014-01-01,1041
"391",34,2015-01-01,1044
"392",34,2016-01-01,1068
"393",34,2017-01-01,1092
"394",34,2020-01-01,1368
"395",34,2021-01-01,1614
"396",34,2022-01-01,2806
"397",35,2009-01-01,203
"398",35,2010-01-01,172
"399",35,2011-01-01,162
"400",35,2012-01-01,163
"401",35,2013-01-01,167
"402",35,2014-01-01,167
"403",35,2015-01-01,168
"404",35,2016-01-01,172
"405",35,2017-01-01,176
"406",35,2020-01-01,186
"407",35,2021-01-01,221
"408",35,2022-01-01,385
"409",36,2009-01-01,187
"410",36,2010-01-01,155
"411",36,2011-01-01,149
"412",36,2012-01-01,147
"413",36,2013-01-01,150
"414",36,2014-01-01,150
"415",36,2015-01-01,151
"416",36,2016-01-01,154
"417",36,2017-01-01,158
"418",36,2020-01-01,174.901719511674
"419",36,2021-01-01,182.2062217849
"420",36,2022-01-01,189.815785401195
"421",37,2009-01-01,1380
"422",37,2010-01-01,1158
"423",37,2011-01-01,1098
"424",37,2012-01-01,1101
"425",37,2013-01-01,1107
"426",37,2014-01-01,1110
"427",37,2015-01-01,1113
"428",37,2016-01-01,1013
"429",37,2017-01-01,1165
"430",37,2020-01-01,1259
"431",37,2021-01-01,1488
"432",37,2022-01-01,2590
"433",38,2009-01-01,1342
"434",38,2010-01-01,1126
"435",38,2011-01-01,1067
"436",38,2012-01-01,1076
"437",38,2013-01-01,1074
"438",38,2014-01-01,1157
"439",38,2015-01-01,1158
"440",38,2016-01-01,1311
"441",38,2017-01-01,1212
"442",38,2020-01-01,1403
"443",38,2021-01-01,1654
"444",38,2022-01-01,2877
"445",39,2009-01-01,217
"446",39,2010-01-01,182
"447",39,2011-01-01,173
"448",39,2012-01-01,173
"449",39,2013-01-01,173
"450",39,2014-01-01,173
"451",39,2015-01-01,174
"452",39,2016-01-01,178
"453",39,2017-01-01,182
"454",39,2020-01-01,196.858041657561
"455",39,2021-01-01,202.31898641422
"456",39,2022-01-01,207.931420626855
"457",40,2009-01-01,86
"458",40,2010-01-01,74
"459",40,2011-01-01,70
"460",40,2012-01-01,72
"461",40,2013-01-01,69
"462",40,2014-01-01,69
"463",40,2015-01-01,69
"464",40,2016-01-01,71
"465",40,2017-01-01,72
"466",40,2020-01-01,79.0814118741879
"467",40,2021-01-01,81.6844375342219
"468",40,2022-01-01,84.3731437913294
"469",41,2009-01-01,500
"470",41,2010-01-01,421
"471",41,2011-01-01,396
"472",41,2012-01-01,400
"473",41,2013-01-01,402
"474",41,2014-01-01,403
"475",41,2015-01-01,404
"476",41,2016-01-01,413
"477",41,2017-01-01,423
"478",41,2020-01-01,441
"479",41,2021-01-01,521
"480",41,2022-01-01,911
"481",42,2009-01-01,275
"482",42,2010-01-01,232
"483",42,2011-01-01,218
"484",42,2012-01-01,220
"485",42,2013-01-01,219
"486",42,2014-01-01,220
"487",42,2015-01-01,220
"488",42,2016-01-01,112
"489",42,2017-01-01,230
"490",42,2020-01-01,232
"491",42,2021-01-01,274
"492",42,2022-01-01,478
"493",43,2009-01-01,217
"494",43,2010-01-01,229
"495",43,2011-01-01,209
"496",43,2012-01-01,216
"497",43,2013-01-01,222
"498",43,2014-01-01,229
"499",43,2015-01-01,234
"500",43,2016-01-01,241
"501",43,2017-01-01,245
"502",43,2020-01-01,178
"503",43,2021-01-01,211
"504",43,2022-01-01,368
"505",44,2009-01-01,428
"506",44,2010-01-01,451
"507",44,2011-01-01,466
"508",44,2012-01-01,481
"509",44,2013-01-01,496
"510",44,2014-01-01,511
"511",44,2015-01-01,527
"512",44,2016-01-01,217
"513",44,2017-01-01,551
"514",44,2020-01-01,555
"515",44,2021-01-01,649
"516",44,2022-01-01,889
"517",45,2009-01-01,3310
"518",45,2010-01-01,5603
"519",45,2011-01-01,5765
"520",45,2012-01-01,5900
"521",45,2013-01-01,6057
"522",45,2014-01-01,6356
"523",45,2015-01-01,6505
"524",45,2016-01-01,6655
"525",45,2017-01-01,6807
"526",45,2020-01-01,6963
"527",45,2021-01-01,8167
"528",45,2022-01-01,10125
"529",46,2009-01-01,127
"530",46,2010-01-01,216
"531",46,2011-01-01,221
"532",46,2012-01-01,227
"533",46,2013-01-01,232
"534",46,2014-01-01,238
"535",46,2015-01-01,243
"536",46,2016-01-01,93
"537",46,2017-01-01,254
"538",46,2020-01-01,280
"539",46,2021-01-01,333
"540",46,2022-01-01,414
"541",47,2009-01-01,140
"542",47,2010-01-01,239
"543",47,2011-01-01,246
"544",47,2012-01-01,254
"545",47,2013-01-01,256
"546",47,2014-01-01,262
"547",47,2015-01-01,267
"548",47,2016-01-01,274
"549",47,2017-01-01,279
"550",47,2020-01-01,296
"551",47,2021-01-01,344
"552",47,2022-01-01,426
"553",48,2009-01-01,290
"554",48,2010-01-01,490
"555",48,2011-01-01,505
"556",48,2012-01-01,526
"557",48,2013-01-01,531
"558",48,2014-01-01,544
"559",48,2015-01-01,556
"560",48,2016-01-01,569
"561",48,2017-01-01,582
"562",48,2020-01-01,677
"563",48,2021-01-01,787
"564",48,2022-01-01,976
"565",49,2009-01-01,220
"566",49,2010-01-01,373
"567",49,2011-01-01,383
"568",49,2012-01-01,398
"569",49,2013-01-01,403
"570",49,2014-01-01,413
"571",49,2015-01-01,422
"572",49,2016-01-01,432
"573",49,2017-01-01,442
"574",49,2020-01-01,486
"575",49,2021-01-01,567
"576",49,2022-01-01,705
"577",50,2009-01-01,179
"578",50,2010-01-01,303
"579",50,2011-01-01,312
"580",50,2012-01-01,323
"581",50,2013-01-01,328
"582",50,2014-01-01,336
"583",50,2015-01-01,344
"584",50,2016-01-01,352
"585",50,2017-01-01,360
"586",50,2020-01-01,421
"587",50,2021-01-01,495
"588",50,2022-01-01,609
"589",51,2009-01-01,162
"590",51,2010-01-01,273
"591",51,2011-01-01,280
"592",51,2012-01-01,287
"593",51,2013-01-01,295
"594",51,2014-01-01,302
"595",51,2015-01-01,310
"596",51,2016-01-01,316
"597",51,2017-01-01,324
"598",51,2020-01-01,376
"599",51,2021-01-01,438
"600",51,2022-01-01,543
"601",52,2009-01-01,179
"602",52,2010-01-01,303
"603",52,2011-01-01,312
"604",52,2012-01-01,323
"605",52,2013-01-01,328
"606",52,2014-01-01,336
"607",52,2015-01-01,344
"608",52,2016-01-01,352
"609",52,2017-01-01,360
"610",52,2020-01-01,396
"611",52,2021-01-01,467
"612",52,2022-01-01,579
"613",53,2009-01-01,120
"614",53,2010-01-01,201
"615",53,2011-01-01,208
"616",53,2012-01-01,214
"617",53,2013-01-01,220
"618",53,2014-01-01,392
"619",53,2015-01-01,401
"620",53,2016-01-01,785
"621",53,2017-01-01,420
"622",53,2020-01-01,832
"623",53,2021-01-01,971
"624",53,2022-01-01,1202
"625",54,2009-01-01,53
"626",54,2010-01-01,91
"627",54,2011-01-01,92
"628",54,2012-01-01,94
"629",54,2013-01-01,97
"630",54,2014-01-01,99
"631",54,2015-01-01,102
"632",54,2016-01-01,104
"633",54,2017-01-01,107
"634",54,2020-01-01,135
"635",54,2021-01-01,159
"636",54,2022-01-01,196
"637",55,2009-01-01,1137.67591820778
"638",55,2010-01-01,1399.69549208596
"639",55,2011-01-01,1241.26967439347
"640",55,2012-01-01,1105.65186851969
"641",55,2013-01-01,1043.25851775668
"642",55,2014-01-01,1008.26936295874
"643",55,2015-01-01,1193.41725465938
"644",55,2016-01-01,1279.4058942819
"645",55,2017-01-01,1369.24942747157
"646",55,2020-01-01,1511.34025422234
"647",55,2021-01-01,1560.91396058574
"648",55,2022-01-01,1612.11374178949
"649",56,2009-01-01,2996
"650",56,2010-01-01,3489
"651",56,2011-01-01,3204
"652",56,2012-01-01,3171
"653",56,2013-01-01,3133
"654",56,2014-01-01,3094
"655",56,2015-01-01,3052
"656",56,2016-01-01,3326
"657",56,2017-01-01,3194
"658",56,2020-01-01,3982
"659",56,2021-01-01,4603
"660",56,2022-01-01,4115
"661",57,2009-01-01,1271
"662",57,2010-01-01,1382
"663",57,2011-01-01,1506
"664",57,2012-01-01,1561
"665",57,2013-01-01,1615
"666",57,2014-01-01,1669
"667",57,2015-01-01,1724
"668",57,2016-01-01,911
"669",57,2017-01-01,1804
"670",57,2020-01-01,1532
"671",57,2021-01-01,1780
"672",57,2022-01-01,871
"673",58,2009-01-01,619
"674",58,2010-01-01,722
"675",58,2011-01-01,662
"676",58,2012-01-01,655
"677",58,2013-01-01,647
"678",58,2014-01-01,639
"679",58,2015-01-01,630
"680",58,2016-01-01,645
"681",58,2017-01-01,659
"682",58,2020-01-01,1608
"683",58,2021-01-01,1860
"684",58,2022-01-01,1662
"685",59,2009-01-01,801
"686",59,2010-01-01,934
"687",59,2011-01-01,857
"688",59,2012-01-01,849
"689",59,2013-01-01,838
"690",59,2014-01-01,828
"691",59,2015-01-01,816
"692",59,2016-01-01,835
"693",59,2017-01-01,854
"694",59,2020-01-01,963
"695",59,2021-01-01,1115
"696",59,2022-01-01,997
"697",60,2009-01-01,219
"698",60,2010-01-01,254
"699",60,2011-01-01,234
"700",60,2012-01-01,232
"701",60,2013-01-01,229
"702",60,2014-01-01,226
"703",60,2015-01-01,223
"704",60,2016-01-01,228
"705",60,2017-01-01,233
"706",60,2020-01-01,292
"707",60,2021-01-01,345
"708",60,2022-01-01,311
"709",61,2009-01-01,485
"710",61,2010-01-01,563
"711",61,2011-01-01,519
"712",61,2012-01-01,515
"713",61,2013-01-01,507
"714",61,2014-01-01,501
"715",61,2015-01-01,494
"716",61,2016-01-01,505
"717",61,2017-01-01,517
"718",61,2020-01-01,576
"719",61,2021-01-01,666
"720",61,2022-01-01,596
"721",62,2009-01-01,1218
"722",62,2010-01-01,1310
"723",62,2011-01-01,1443
"724",62,2012-01-01,1499
"725",62,2013-01-01,1547
"726",62,2014-01-01,1600
"727",62,2015-01-01,1651
"728",62,2016-01-01,2411
"729",62,2017-01-01,1728
"730",62,2020-01-01,2692
"731",62,2021-01-01,3124
"732",62,2022-01-01,1542
"733",63,2009-01-01,544
"734",63,2010-01-01,588
"735",63,2011-01-01,644
"736",63,2012-01-01,670
"737",63,2013-01-01,692
"738",63,2014-01-01,715
"739",63,2015-01-01,739
"740",63,2016-01-01,756
"741",63,2017-01-01,773
"742",63,2020-01-01,822
"743",63,2021-01-01,955
"744",63,2022-01-01,472
"745",64,2009-01-01,3288
"746",64,2010-01-01,3554
"747",64,2011-01-01,3896
"748",64,2012-01-01,4038
"749",64,2013-01-01,4179
"750",64,2014-01-01,4320
"751",64,2015-01-01,4460
"752",64,2016-01-01,4892
"753",64,2017-01-01,4667
"754",64,2020-01-01,4473
"755",64,2021-01-01,5192
"756",64,2022-01-01,2561
"757",65,2009-01-01,532
"758",65,2010-01-01,577
"759",65,2011-01-01,630
"760",65,2012-01-01,653
"761",65,2013-01-01,677
"762",65,2014-01-01,700
"763",65,2015-01-01,723
"764",65,2016-01-01,739
"765",65,2017-01-01,757
"766",65,2020-01-01,789
"767",65,2021-01-01,918
"768",65,2022-01-01,454
"769",66,2009-01-01,633
"770",66,2010-01-01,686
"771",66,2011-01-01,750
"772",66,2012-01-01,775
"773",66,2013-01-01,805
"774",66,2014-01-01,832
"775",66,2015-01-01,859
"776",66,2016-01-01,683
"777",66,2017-01-01,899
"778",66,2020-01-01,889
"779",66,2021-01-01,1028
"780",66,2022-01-01,511
"781",67,2009-01-01,940
"782",67,2010-01-01,1014
"783",67,2011-01-01,1114
"784",67,2012-01-01,1148
"785",67,2013-01-01,1194
"786",67,2014-01-01,1234
"787",67,2015-01-01,1274
"788",67,2016-01-01,1304
"789",67,2017-01-01,1333
"790",67,2020-01-01,1560
"791",67,2021-01-01,1812
"792",67,2022-01-01,898
"793",68,2009-01-01,517
"794",68,2010-01-01,558
"795",68,2011-01-01,613
"796",68,2012-01-01,635
"797",68,2013-01-01,655
"798",68,2014-01-01,677
"799",68,2015-01-01,699
"800",68,2016-01-01,715
"801",68,2017-01-01,731
"802",68,2020-01-01,875
"803",68,2021-01-01,1018
"804",68,2022-01-01,505
"805",69,2009-01-01,504
"806",69,2010-01-01,544
"807",69,2011-01-01,597
"808",69,2012-01-01,617
"809",69,2013-01-01,638
"810",69,2014-01-01,659
"811",69,2015-01-01,681
"812",69,2016-01-01,697
"813",69,2017-01-01,713
"814",69,2020-01-01,704
"815",69,2021-01-01,819
"816",69,2022-01-01,408
"817",70,2009-01-01,1394
"818",70,2010-01-01,1833
"819",70,2011-01-01,1924
"820",70,2012-01-01,1985
"821",70,2013-01-01,2045
"822",70,2014-01-01,2107
"823",70,2015-01-01,2169
"824",70,2016-01-01,2220
"825",70,2017-01-01,2270
"826",70,2020-01-01,2581
"827",70,2021-01-01,3055
"828",70,2022-01-01,1780
"829",71,2009-01-01,669
"830",71,2010-01-01,1061
"831",71,2011-01-01,1083
"832",71,2012-01-01,1120
"833",71,2013-01-01,1136
"834",71,2014-01-01,1163
"835",71,2015-01-01,1187
"836",71,2016-01-01,1454
"837",71,2017-01-01,1242
"838",71,2020-01-01,1356
"839",71,2021-01-01,1607
"840",71,2022-01-01,1323
"841",72,2009-01-01,219
"842",72,2010-01-01,347
"843",72,2011-01-01,355
"844",72,2012-01-01,365
"845",72,2013-01-01,372
"846",72,2014-01-01,381
"847",72,2015-01-01,389
"848",72,2016-01-01,325
"849",72,2017-01-01,407
"850",72,2020-01-01,425
"851",72,2021-01-01,502
"852",72,2022-01-01,416
"853",73,2009-01-01,277
"854",73,2010-01-01,441
"855",73,2011-01-01,446
"856",73,2012-01-01,458
"857",73,2013-01-01,470
"858",73,2014-01-01,481
"859",73,2015-01-01,493
"860",73,2016-01-01,503
"861",73,2017-01-01,516
"862",73,2020-01-01,544
"863",73,2021-01-01,639
"864",73,2022-01-01,526
"865",74,2009-01-01,578
"866",74,2010-01-01,988
"867",74,2011-01-01,986
"868",74,2012-01-01,1013
"869",74,2013-01-01,1028
"870",74,2014-01-01,1047
"871",74,2015-01-01,1067
"872",74,2016-01-01,1244
"873",74,2017-01-01,1117
"874",74,2020-01-01,1334
"875",74,2021-01-01,1566
"876",74,2022-01-01,1649
"877",75,2009-01-01,90
"878",75,2010-01-01,153
"879",75,2011-01-01,154
"880",75,2012-01-01,152
"881",75,2013-01-01,160
"882",75,2014-01-01,163
"883",75,2015-01-01,166
"884",75,2016-01-01,130
"885",75,2017-01-01,174
"886",75,2020-01-01,199
"887",75,2021-01-01,240
"888",75,2022-01-01,254
"889",76,2009-01-01,93
"890",76,2010-01-01,157
"891",76,2011-01-01,159
"892",76,2012-01-01,161
"893",76,2013-01-01,165
"894",76,2014-01-01,169
"895",76,2015-01-01,172
"896",76,2016-01-01,120
"897",76,2017-01-01,180
"898",76,2020-01-01,202
"899",76,2021-01-01,241
"900",76,2022-01-01,252
"901",77,2009-01-01,92
"902",77,2010-01-01,125
"903",77,2011-01-01,126
"904",77,2012-01-01,125
"905",77,2013-01-01,135
"906",77,2014-01-01,139
"907",77,2015-01-01,143
"908",77,2016-01-01,65
"909",77,2017-01-01,150
"910",77,2020-01-01,178.762606932017
"911",77,2021-01-01,186.894259266645
"912",77,2022-01-01,195.395808700148
"913",78,2009-01-01,3036
"914",78,2010-01-01,4011
"915",78,2011-01-01,4190
"916",78,2012-01-01,4325
"917",78,2013-01-01,4455
"918",78,2014-01-01,4590
"919",78,2015-01-01,4726
"920",78,2016-01-01,4916
"921",78,2017-01-01,4945
"922",78,2020-01-01,5219
"923",78,2021-01-01,6191
"924",78,2022-01-01,3666
"925",79,2009-01-01,200
"926",79,2010-01-01,266
"927",79,2011-01-01,276
"928",79,2012-01-01,287
"929",79,2013-01-01,293
"930",79,2014-01-01,302
"931",79,2015-01-01,311
"932",79,2016-01-01,318
"933",79,2017-01-01,325
"934",79,2020-01-01,353
"935",79,2021-01-01,416
"936",79,2022-01-01,241
"937",80,2009-01-01,173
"938",80,2010-01-01,229
"939",80,2011-01-01,239
"940",80,2012-01-01,243
"941",80,2013-01-01,254
"942",80,2014-01-01,262
"943",80,2015-01-01,269
"944",80,2016-01-01,276
"945",80,2017-01-01,281
"946",80,2020-01-01,313
"947",80,2021-01-01,374
"948",80,2022-01-01,227
"949",81,2009-01-01,224
"950",81,2010-01-01,295
"951",81,2011-01-01,309
"952",81,2012-01-01,320
"953",81,2013-01-01,329
"954",81,2014-01-01,339
"955",81,2015-01-01,349
"956",81,2016-01-01,357
"957",81,2017-01-01,365
"958",81,2020-01-01,383
"959",81,2021-01-01,458
"960",81,2022-01-01,280
"961",82,2009-01-01,558
"962",82,2010-01-01,734
"963",82,2011-01-01,770
"964",82,2012-01-01,796
"965",82,2013-01-01,819
"966",82,2014-01-01,844
"967",82,2015-01-01,869
"968",82,2016-01-01,889
"969",82,2017-01-01,909
"970",82,2020-01-01,1036
"971",82,2021-01-01,1230
"972",82,2022-01-01,739
"973",83,2009-01-01,188
"974",83,2010-01-01,300
"975",83,2011-01-01,304
"976",83,2012-01-01,311
"977",83,2013-01-01,319
"978",83,2014-01-01,326
"979",83,2015-01-01,334
"980",83,2016-01-01,342
"981",83,2017-01-01,349
"982",83,2020-01-01,384
"983",83,2021-01-01,458
"984",83,2022-01-01,374
"985",84,2009-01-01,359
"986",84,2010-01-01,567
"987",84,2011-01-01,581
"988",84,2012-01-01,593
"989",84,2013-01-01,610
"990",84,2014-01-01,624
"991",84,2015-01-01,639
"992",84,2016-01-01,530
"993",84,2017-01-01,669
"994",84,2020-01-01,685
"995",84,2021-01-01,805
"996",84,2022-01-01,662
"997",85,2009-01-01,82
"998",85,2010-01-01,129
"999",85,2011-01-01,133
"1000",85,2012-01-01,133
"1001",85,2013-01-01,139
"1002",85,2014-01-01,142
"1003",85,2015-01-01,145
"1004",85,2016-01-01,149
"1005",85,2017-01-01,152
"1006",85,2020-01-01,177
"1007",85,2021-01-01,212
"1008",85,2022-01-01,173
"1009",86,2009-01-01,133
"1010",86,2010-01-01,212
"1011",86,2011-01-01,218
"1012",86,2012-01-01,216
"1013",86,2013-01-01,226
"1014",86,2014-01-01,231
"1015",86,2015-01-01,236
"1016",86,2016-01-01,200
"1017",86,2017-01-01,247
"1018",86,2020-01-01,257
"1019",86,2021-01-01,302
"1020",86,2022-01-01,255
"1021",87,2009-01-01,1959.04012577683
"1022",87,2010-01-01,2534.97454731469
"1023",87,2011-01-01,2649.43392099078
"1024",87,2012-01-01,2827.29449768705
"1025",87,2013-01-01,2496.60812286457
"1026",87,2014-01-01,2468.34914131306
"1027",87,2015-01-01,2669.80672891398
"1028",87,2016-01-01,2932.1539833436
"1029",87,2017-01-01,3039.45391949025
"1030",87,2020-01-01,3496.36742500044
"1031",87,2021-01-01,3610.49107386628
"1032",87,2022-01-01,3728.33979096646
"1033",88,2009-01-01,1125
"1034",88,2010-01-01,1067
"1035",88,2011-01-01,1258
"1036",88,2012-01-01,1283
"1037",88,2013-01-01,1299
"1038",88,2014-01-01,1320
"1039",88,2015-01-01,1340
"1040",88,2016-01-01,1370
"1041",88,2017-01-01,1402
"1042",88,2020-01-01,1558
"1043",88,2021-01-01,1838
"1044",88,2022-01-01,1489
"1045",89,2009-01-01,364
"1046",89,2010-01-01,343
"1047",89,2011-01-01,526
"1048",89,2012-01-01,533
"1049",89,2013-01-01,547
"1050",89,2014-01-01,556
"1051",89,2015-01-01,564
"1052",89,2016-01-01,577
"1053",89,2017-01-01,590
"1054",89,2020-01-01,609
"1055",89,2021-01-01,714
"1056",89,2022-01-01,576
"1057",90,2009-01-01,364
"1058",90,2010-01-01,343
"1059",90,2011-01-01,526
"1060",90,2012-01-01,533
"1061",90,2013-01-01,547
"1062",90,2014-01-01,556
"1063",90,2015-01-01,564
"1064",90,2016-01-01,577
"1065",90,2017-01-01,590
"1066",90,2020-01-01,330
"1067",90,2021-01-01,387
"1068",90,2022-01-01,312
"1069",91,2009-01-01,364
"1070",91,2010-01-01,343
"1071",91,2011-01-01,350
"1072",91,2012-01-01,355
"1073",91,2013-01-01,361
"1074",91,2014-01-01,367
"1075",91,2015-01-01,372
"1076",91,2016-01-01,381
"1077",91,2017-01-01,389
"1078",91,2020-01-01,429
"1079",91,2021-01-01,505
"1080",91,2022-01-01,407
"1081",92,2009-01-01,182
"1082",92,2010-01-01,175
"1083",92,2011-01-01,175
"1084",92,2012-01-01,177
"1085",92,2013-01-01,181
"1086",92,2014-01-01,184
"1087",92,2015-01-01,187
"1088",92,2016-01-01,191
"1089",92,2017-01-01,196
"1090",92,2020-01-01,212
"1091",92,2021-01-01,253
"1092",92,2022-01-01,206
"1093",93,2009-01-01,25.0495571769153
"1094",93,2010-01-01,32.1490632272371
"1095",93,2011-01-01,28.3849791982348
"1096",93,2012-01-01,28.7775902929798
"1097",93,2013-01-01,29.0937709055174
"1098",93,2014-01-01,29.650493684312
"1099",93,2015-01-01,32.5273234102893
"1100",93,2016-01-01,32.3779700913786
"1101",93,2017-01-01,35.8028699897184
"1102",93,2020-01-01,40.6200766876544
"1103",93,2021-01-01,43.1363464253038
"1104",93,2022-01-01,45.8084901520965
"1105",94,2009-01-01,334
"1106",94,2010-01-01,314
"1107",94,2011-01-01,321
"1108",94,2012-01-01,325
"1109",94,2013-01-01,332
"1110",94,2014-01-01,336
"1111",94,2015-01-01,342
"1112",94,2016-01-01,350
"1113",94,2017-01-01,358
"1114",94,2020-01-01,349
"1115",94,2021-01-01,412
"1116",94,2022-01-01,339
"1117",95,2009-01-01,626
"1118",95,2010-01-01,677
"1119",95,2011-01-01,527
"1120",95,2012-01-01,540
"1121",95,2013-01-01,551
"1122",95,2014-01-01,562
"1123",95,2015-01-01,573
"1124",95,2016-01-01,587
"1125",95,2017-01-01,600
"1126",95,2020-01-01,628
"1127",95,2021-01-01,739
"1128",95,2022-01-01,568
"1129",96,2009-01-01,364
"1130",96,2010-01-01,343
"1131",96,2011-01-01,170
"1132",96,2012-01-01,171
"1133",96,2013-01-01,178
"1134",96,2014-01-01,182
"1135",96,2015-01-01,185
"1136",96,2016-01-01,189
"1137",96,2017-01-01,194
"1138",96,2020-01-01,239
"1139",96,2021-01-01,284
"1140",96,2022-01-01,219
"1141",97,2009-01-01,313
"1142",97,2010-01-01,338
"1143",97,2011-01-01,349
"1144",97,2012-01-01,358
"1145",97,2013-01-01,364
"1146",97,2014-01-01,371
"1147",97,2015-01-01,379
"1148",97,2016-01-01,387
"1149",97,2017-01-01,397
"1150",97,2020-01-01,409
"1151",97,2021-01-01,475
"1152",97,2022-01-01,367
"1153",98,2009-01-01,330
"1154",98,2010-01-01,357
"1155",98,2011-01-01,368
"1156",98,2012-01-01,377
"1157",98,2013-01-01,384
"1158",98,2014-01-01,392
"1159",98,2015-01-01,399
"1160",98,2016-01-01,409
"1161",98,2017-01-01,418
"1162",98,2020-01-01,437
"1163",98,2021-01-01,513
"1164",98,2022-01-01,394
"1165",99,2009-01-01,7378
"1166",99,2010-01-01,7191.05649205311
"1167",99,2011-01-01,7669.69830093597
"1168",99,2012-01-01,7976.23169959836
"1169",99,2013-01-01,7868.46097193724
"1170",99,2014-01-01,8704.10725331282
"1171",99,2015-01-01,8704.27366250238
"1172",99,2016-01-01,9717.44198607006
"1173",99,2017-01-01,9864.98598040669
"1174",99,2020-01-01,11333.4022344873
"1175",99,2021-01-01,11811.8663951108
"1176",99,2022-01-01,12310.5299581965
"1177",100,2009-01-01,12556
"1178",100,2010-01-01,13147
"1179",100,2011-01-01,13704
"1180",100,2012-01-01,14136
"1181",100,2013-01-01,14570
"1182",100,2014-01-01,14480
"1183",100,2015-01-01,14900
"1184",100,2016-01-01,11236
"1185",100,2017-01-01,15591
"1186",100,2020-01-01,17817.5790223902
"1187",100,2021-01-01,18622
"1188",100,2022-01-01,21707
"1189",101,2009-01-01,38868.3819349153
"1190",101,2010-01-01,38282.5683299722
"1191",101,2011-01-01,40163.8430038951
"1192",101,2012-01-01,41242.4276775593
"1193",101,2013-01-01,40743.921014129
"1194",101,2014-01-01,45444.6125524977
"1195",101,2015-01-01,45384.6840209488
"1196",101,2016-01-01,50321.258435258
"1197",101,2017-01-01,51195.2828794647
"1198",101,2020-01-01,58678.2640543789
"1199",101,2021-01-01,61104.7330202177
"1200",101,2022-01-01,63631.541553647
"1201",102,2009-01-01,173
"1202",102,2010-01-01,198
"1203",102,2011-01-01,184
"1204",102,2012-01-01,180
"1205",102,2013-01-01,181
"1206",102,2014-01-01,179
"1207",102,2015-01-01,176
"1208",102,2016-01-01,79
"1209",102,2017-01-01,184
"1210",102,2020-01-01,233.817573096624
"1211",102,2021-01-01,252.632344307376
"1212",102,2022-01-01,272.961097598366
"1213",103,2009-01-01,96
"1214",103,2010-01-01,82
"1215",103,2011-01-01,78
"1216",103,2012-01-01,79
"1217",103,2013-01-01,78
"1218",103,2014-01-01,72.1797641012951
"1219",103,2015-01-01,78.5328793256961
"1220",103,2016-01-01,79.2819597220021
"1221",103,2017-01-01,75.4221138954987
"1222",103,2020-01-01,75.8158884026494
"1223",103,2021-01-01,76.0852376621736
"1224",103,2022-01-01,76.3555438322495
"1225",104,2009-01-01,223
"1226",104,2010-01-01,187
"1227",104,2011-01-01,175
"1228",104,2012-01-01,176
"1229",104,2013-01-01,176
"1230",104,2014-01-01,176
"1231",104,2015-01-01,177
"1232",104,2016-01-01,98
"1233",104,2017-01-01,185
"1234",104,2020-01-01,185.154403961982
"1235",104,2021-01-01,185.005297273335
"1236",104,2022-01-01,184.856310661791
"1237",105,2009-01-01,38039.0889578363
"1238",105,2010-01-01,37979.4322640876
"1239",105,2011-01-01,39207.0594940833
"1240",105,2012-01-01,41109.3886788986
"1241",105,2013-01-01,40586.7099766605
"1242",105,2014-01-01,45286.2554808354
"1243",105,2015-01-01,45268.798073482
"1244",105,2016-01-01,50225.3105970964
"1245",105,2017-01-01,51085.3219368014
"1246",105,2020-01-01,58605.5230321582
"1247",105,2021-01-01,61041.6825779722
"1248",105,2022-01-01,63579.1102812157
"1249",106,2009-01-01,38039.0889578363
"1250",106,2010-01-01,37979.4322640876
"1251",106,2011-01-01,39207.0594940833
"1252",106,2012-01-01,41109.3886788986
"1253",106,2013-01-01,40586.7099766605
"1254",106,2014-01-01,45286.2554808354
"1255",106,2015-01-01,45268.798073482
"1256",106,2016-01-01,50225.3105970964
"1257",106,2017-01-01,51085.3219368014
"1258",106,2020-01-01,58605.5230321582
"1259",106,2021-01-01,61041.6825779722
"1260",106,2022-01-01,63579.1102812157
"1261",67,2000-01-01,1448.0177274255
"1262",67,2001-01-01,1356.80362075194
"1263",67,2002-01-01,1612.36363638273
"1264",67,2003-01-01,1648.08877837799
"1265",67,2004-01-01,1132.07571522424
"1266",67,2005-01-01,1117.6933561517
"1267",67,2006-01-01,983.626305358338
"1268",67,2007-01-01,872.417303333208
"1269",67,2008-01-01,848.596475455527
"1270",67,2018-01-01,1326.67797847859
"1271",67,2019-01-01,1348.43299034011
"1272",69,2000-01-01,851.469830387188
"1273",69,2001-01-01,631.81052330742
"1274",69,2002-01-01,699.800499358677
"1275",69,2003-01-01,707.665822502899
"1276",69,2004-01-01,630.043748211499
"1277",69,2005-01-01,593.900360579927
"1278",69,2006-01-01,549.013404890506
"1279",69,2007-01-01,509.379073871277
"1280",69,2008-01-01,475.697685817542
"1281",69,2018-01-01,708.518185324117
"1282",69,2019-01-01,796.110724392083
"1283",75,2000-01-01,74.2982407138266
"1284",75,2001-01-01,88.5691277833956
"1285",75,2002-01-01,84.6998611913428
"1286",75,2003-01-01,89.1897251457024
"1287",75,2004-01-01,115.842545189699
"1288",75,2005-01-01,94.3345711283014
"1289",75,2006-01-01,83.8106020397064
"1290",75,2007-01-01,91.3465100105225
"1291",75,2008-01-01,93.8862492973426
"1292",75,2018-01-01,194.495392612654
"1293",75,2019-01-01,196.563779190066
"1294",24,2000-01-01,632.943191001931
"1295",24,2001-01-01,576.902857041275
"1296",24,2002-01-01,543.895454895106
"1297",24,2003-01-01,549.561112898021
"1298",24,2004-01-01,491.353309963263
"1299",24,2005-01-01,480.975073948182
"1300",24,2006-01-01,506.387126349375
"1301",24,2007-01-01,495.841108158451
"1302",24,2008-01-01,466.786588124216
"1303",24,2018-01-01,463.133863029112
"1304",24,2019-01-01,419.37056864896
"1305",99,2000-01-01,4627.61020403605
"1306",99,2001-01-01,4354.28185943224
"1307",99,2002-01-01,4717.53036130731
"1308",99,2003-01-01,5150.68957711687
"1309",99,2004-01-01,5446.12613586967
"1310",99,2005-01-01,5631.15360186106
"1311",99,2006-01-01,5797.188154841
"1312",99,2007-01-01,6017.52157796882
"1313",99,2008-01-01,6663.11938574948
"1314",99,2018-01-01,10069.4349644994
"1315",99,2019-01-01,10874.319257611
"1316",89,2000-01-01,65.3009003279126
"1317",89,2001-01-01,106.31388823941
"1318",89,2002-01-01,181.26501917476
"1319",89,2003-01-01,225.902983053761
"1320",89,2004-01-01,182.689259093234
"1321",89,2005-01-01,287.869387489357
"1322",89,2006-01-01,300.048301619386
"1323",89,2007-01-01,276.554198914657
"1324",89,2008-01-01,367.669419777076
"1325",89,2018-01-01,663.497828816363
"1326",89,2019-01-01,605.725359998218
"1327",82,2000-01-01,368.916182873605
"1328",82,2001-01-01,397.913428288776
"1329",82,2002-01-01,400.112655325067
"1330",82,2003-01-01,449.250251469567
"1331",82,2004-01-01,487.419101332168
"1332",82,2005-01-01,421.10901452381
"1333",82,2006-01-01,404.152239738087
"1334",82,2007-01-01,451.047776431207
"1335",82,2008-01-01,489.572695574328
"1336",82,2018-01-01,899.736998917622
"1337",82,2019-01-01,958.54265466264
"1338",36,2000-01-01,150.924448526431
"1339",36,2001-01-01,138.264985901997
"1340",36,2002-01-01,155.700100092067
"1341",36,2003-01-01,159.191506158314
"1342",36,2004-01-01,142.891912372601
"1343",36,2005-01-01,148.9199986556
"1344",36,2006-01-01,178.645475326716
"1345",36,2007-01-01,159.301058928197
"1346",36,2008-01-01,165.343921608565
"1347",36,2018-01-01,150.682564399945
"1348",36,2019-01-01,167.890048915309
"1349",2,2000-01-01,230.039709929516
"1350",2,2001-01-01,218.69708889977
"1351",2,2002-01-01,229.650909378661
"1352",2,2003-01-01,258.657436337337
"1353",2,2004-01-01,266.776365259207
"1354",2,2005-01-01,286.641537503106
"1355",2,2006-01-01,301.26015249163
"1356",2,2007-01-01,319.328196843407
"1357",2,2008-01-01,341.649434634845
"1358",2,2018-01-01,468.725837170271
"1359",2,2019-01-01,506.112970917452
"1360",7,2000-01-01,53.8015942617346
"1361",7,2001-01-01,81.8481078320948
"1362",7,2002-01-01,86.1970772905103
"1363",7,2003-01-01,88.4182518479646
"1364",7,2004-01-01,82.4497399321512
"1365",7,2005-01-01,91.95981497852
"1366",7,2006-01-01,86.8310711318397
"1367",7,2007-01-01,82.3721056982835
"1368",7,2008-01-01,77.4711439293266
"1369",7,2018-01-01,129.352561355947
"1370",7,2019-01-01,113.816806081432
"1371",63,2000-01-01,530.608431912444
"1372",63,2001-01-01,549.213574141275
"1373",63,2002-01-01,526.647983015675
"1374",63,2003-01-01,512.171558631138
"1375",63,2004-01-01,616.625337233929
"1376",63,2005-01-01,611.357049445882
"1377",63,2006-01-01,564.303655245577
"1378",63,2007-01-01,549.740596550147
"1379",63,2008-01-01,547.910105594116
"1380",63,2018-01-01,861.642689401189
"1381",63,2019-01-01,873.750502041939
"1382",64,2000-01-01,1416.37179601834
"1383",64,2001-01-01,1385.26443797621
"1384",64,2002-01-01,1281.20337408486
"1385",64,2003-01-01,1228.82149720579
"1386",64,2004-01-01,1628.44081539776
"1387",64,2005-01-01,1898.81344804737
"1388",64,2006-01-01,3296.21306159693
"1389",64,2007-01-01,3647.97022327317
"1390",64,2008-01-01,4031.80899025976
"1391",64,2018-01-01,4663.4645624541
"1392",64,2019-01-01,5041.04807208087
"1393",18,2000-01-01,384.229054727153
"1394",18,2001-01-01,372.060013246483
"1395",18,2002-01-01,358.319002826478
"1396",18,2003-01-01,362.085866753255
"1397",18,2004-01-01,278.170108648189
"1398",18,2005-01-01,301.76058457234
"1399",18,2006-01-01,327.520926671813
"1400",18,2007-01-01,315.852911701025
"1401",18,2008-01-01,287.572290407248
"1402",18,2018-01-01,406.925894378836
"1403",18,2019-01-01,353.944933743582
"1404",60,2000-01-01,128.617810940358
"1405",60,2001-01-01,123.767677221803
"1406",60,2002-01-01,167.162204575391
"1407",60,2003-01-01,181.972487148003
"1408",60,2004-01-01,168.888126619942
"1409",60,2005-01-01,216.911187516982
"1410",60,2006-01-01,362.276251928819
"1411",60,2007-01-01,380.940953136033
"1412",60,2008-01-01,340.6223299021
"1413",60,2018-01-01,257.313186528177
"1414",60,2019-01-01,264.732370508495
"1415",6,2000-01-01,413.249498542177
"1416",6,2001-01-01,548.035637651091
"1417",6,2002-01-01,582.740718977157
"1418",6,2003-01-01,569.230631699061
"1419",6,2004-01-01,1071.45397069696
"1420",6,2005-01-01,938.088150111354
"1421",6,2006-01-01,891.528729125098
"1422",6,2007-01-01,881.763104843036
"1423",6,2008-01-01,804.95665297331
"1424",6,2018-01-01,1172.99434463084
"1425",6,2019-01-01,1162.0718297723
"1426",84,2000-01-01,310.274456863298
"1427",84,2001-01-01,313.290939768886
"1428",84,2002-01-01,309.266216435517
"1429",84,2003-01-01,318.167268405437
"1430",84,2004-01-01,309.844060654823
"1431",84,2005-01-01,336.691359763929
"1432",84,2006-01-01,342.515780484016
"1433",84,2007-01-01,308.44608287515
"1434",84,2008-01-01,317.56498928034
"1435",84,2018-01-01,670.274374665704
"1436",84,2019-01-01,662.598185614501
"1437",55,2000-01-01,464.185140348527
"1438",55,2001-01-01,522.429049049352
"1439",55,2002-01-01,700.401282515534
"1440",55,2003-01-01,772.185527306657
"1441",55,2004-01-01,727.740550409577
"1442",55,2005-01-01,898.655982221572
"1443",55,2006-01-01,1673.49292232281
"1444",55,2007-01-01,2019.89703455938
"1445",55,2008-01-01,1829.17113135274
"1446",55,2018-01-01,1464.23921931289
"1447",55,2019-01-01,1463.34097952184
"1448",57,2000-01-01,593.167384697844
"1449",57,2001-01-01,650.104794138334
"1450",57,2002-01-01,658.056065691065
"1451",57,2003-01-01,630.094200791178
"1452",57,2004-01-01,811.006254673218
"1453",57,2005-01-01,847.717839623115
"1454",57,2006-01-01,944.823147462376
"1455",57,2007-01-01,1126.03805795713
"1456",57,2008-01-01,1556.33549503548
"1457",57,2018-01-01,1967.76659400367
"1458",57,2019-01-01,2113.67440085863
"1459",48,2000-01-01,214.121009877929
"1460",48,2001-01-01,306.642321621314
"1461",48,2002-01-01,328.103845102357
"1462",48,2003-01-01,354.646979312456
"1463",48,2004-01-01,362.199420416501
"1464",48,2005-01-01,444.350299758361
"1465",48,2006-01-01,411.633249095193
"1466",48,2007-01-01,401.257575521104
"1467",48,2008-01-01,380.131207623796
"1468",48,2018-01-01,611.583275557157
"1469",48,2019-01-01,588.911374890629
"1470",68,2000-01-01,794.218658529605
"1471",68,2001-01-01,826.146677882614
"1472",68,2002-01-01,907.1899596897
"1473",68,2003-01-01,791.966473097208
"1474",68,2004-01-01,657.558980674563
"1475",68,2005-01-01,745.888033219956
"1476",68,2006-01-01,561.28871795351
"1477",68,2007-01-01,544.362490364343
"1478",68,2008-01-01,455.250165235049
"1479",68,2018-01-01,746.636918494066
"1480",68,2019-01-01,721.911297711607
"1481",16,2000-01-01,154.716703606305
"1482",16,2001-01-01,189.24227225843
"1483",16,2002-01-01,171.448908019439
"1484",16,2003-01-01,172.42932427733
"1485",16,2004-01-01,131.992658039654
"1486",16,2005-01-01,138.906458024519
"1487",16,2006-01-01,156.15246616225
"1488",16,2007-01-01,154.723872418533
"1489",16,2008-01-01,158.774245403634
"1490",16,2018-01-01,279.074481509822
"1491",16,2019-01-01,245.576872009737
"1492",37,2000-01-01,1042.9938011279
"1493",37,2001-01-01,905.582409206846
"1494",37,2002-01-01,901.066521140648
"1495",37,2003-01-01,970.466574404277
"1496",37,2004-01-01,997.159834278848
"1497",37,2005-01-01,909.893567326104
"1498",37,2006-01-01,965.237658924589
"1499",37,2007-01-01,1195.26704569462
"1500",37,2008-01-01,1195.95517660644
"1501",37,2018-01-01,1136.2902082712
"1502",37,2019-01-01,1125.48539516861
"1503",96,2000-01-01,186.86940400184
"1504",96,2001-01-01,183.769699286951
"1505",96,2002-01-01,212.793024148371
"1506",96,2003-01-01,211.979377189139
"1507",96,2004-01-01,229.604977723416
"1508",96,2005-01-01,298.048313386321
"1509",96,2006-01-01,316.427623920847
"1510",96,2007-01-01,323.713253629851
"1511",96,2008-01-01,342.48047971941
"1512",96,2018-01-01,212.268521735105
"1513",96,2019-01-01,236.440310354804
"1514",4,2000-01-01,696.427828726336
"1515",4,2001-01-01,658.202501071323
"1516",4,2002-01-01,700.675641916162
"1517",4,2003-01-01,776.785175521013
"1518",4,2004-01-01,822.248154601729
"1519",4,2005-01-01,865.849142800775
"1520",4,2006-01-01,862.934078705549
"1521",4,2007-01-01,894.950663696923
"1522",4,2008-01-01,983.789814306503
"1523",4,2018-01-01,890.225378530705
"1524",4,2019-01-01,964.374316811103
"1525",73,2000-01-01,206.754360707476
"1526",73,2001-01-01,172.335027162921
"1527",73,2002-01-01,154.587549250415
"1528",73,2003-01-01,166.136403117881
"1529",73,2004-01-01,165.116071090372
"1530",73,2005-01-01,127.137919495688
"1531",73,2006-01-01,254.557462489795
"1532",73,2007-01-01,249.915076056233
"1533",73,2008-01-01,268.43491666249
"1534",73,2018-01-01,547.989164490669
"1535",73,2019-01-01,568.045904687267
"1536",39,2000-01-01,144.973131885974
"1537",39,2001-01-01,220.791033300627
"1538",39,2002-01-01,230.566057759169
"1539",39,2003-01-01,215.453037921809
"1540",39,2004-01-01,185.239321595467
"1541",39,2005-01-01,214.491628850202
"1542",39,2006-01-01,217.277120241829
"1543",39,2007-01-01,221.561487213473
"1544",39,2008-01-01,209.605538348518
"1545",39,2018-01-01,205.982291496319
"1546",39,2019-01-01,191.544497390416
"1547",56,2000-01-01,1792.88321958025
"1548",56,2001-01-01,1812.53410521378
"1549",56,2002-01-01,1898.47742124994
"1550",56,2003-01-01,2262.45502783781
"1551",56,2004-01-01,2406.27937791479
"1552",56,2005-01-01,2528.53042262848
"1553",56,2006-01-01,2637.82993991639
"1554",56,2007-01-01,2861.13352769395
"1555",56,2008-01-01,2894.80664554596
"1556",56,2018-01-01,3271.87487290618
"1557",56,2019-01-01,3735.07214374139
"1558",102,2000-01-01,74.5559893389014
"1559",102,2001-01-01,75.8304711438833
"1560",102,2002-01-01,97.6566338505658
"1561",102,2003-01-01,104.80313716528
"1562",102,2004-01-01,98.427103720386
"1563",102,2005-01-01,117.65860899024
"1564",102,2006-01-01,236.06995268544
"1565",102,2007-01-01,301.700029613127
"1566",102,2008-01-01,287.835345586957
"1567",102,2018-01-01,210.20321004055
"1568",102,2019-01-01,216.40403028631
"1569",12,2000-01-01,458.959679148798
"1570",12,2001-01-01,482.046712622807
"1571",12,2002-01-01,464.779707182516
"1572",12,2003-01-01,544.602215501784
"1573",12,2004-01-01,517.117783984088
"1574",12,2005-01-01,736.594765776613
"1575",12,2006-01-01,660.060056178167
"1576",12,2007-01-01,737.582762140104
"1577",12,2008-01-01,697.585107835658
"1578",12,2018-01-01,601.75128140126
"1579",12,2019-01-01,642.428345414971
"1580",65,2000-01-01,164.052885179325
"1581",65,2001-01-01,203.192107697111
"1582",65,2002-01-01,186.45221514814
"1583",65,2003-01-01,178.723665082115
"1584",65,2004-01-01,470.901792679546
"1585",65,2005-01-01,428.016617235668
"1586",65,2006-01-01,636.621397183337
"1587",65,2007-01-01,523.191947696832
"1588",65,2008-01-01,593.25681542432
"1589",65,2018-01-01,778.416177273026
"1590",65,2019-01-01,772.052317713486
"1591",27,2000-01-01,699.92557403549
"1592",27,2001-01-01,614.738573516331
"1593",27,2002-01-01,607.955584110177
"1594",27,2003-01-01,621.129897333798
"1595",27,2004-01-01,603.428331539518
"1596",27,2005-01-01,654.832137985369
"1597",27,2006-01-01,666.619233207906
"1598",27,2007-01-01,703.969617121723
"1599",27,2008-01-01,714.284549797143
"1600",27,2018-01-01,709.525468284689
"1601",27,2019-01-01,714.150760073636
"1602",92,2000-01-01,69.5370055908279
"1603",92,2001-01-01,124.374489638923
"1604",92,2002-01-01,124.401007815385
"1605",92,2003-01-01,132.691121457828
"1606",92,2004-01-01,121.554210674075
"1607",92,2005-01-01,155.288324097857
"1608",92,2006-01-01,162.234053424525
"1609",92,2007-01-01,162.843053767881
"1610",92,2008-01-01,179.901070904208
"1611",92,2018-01-01,230.774152812594
"1612",92,2019-01-01,218.814899601145
"1613",66,2000-01-01,364.2033813239
"1614",66,2001-01-01,427.132881044581
"1615",66,2002-01-01,410.525047944223
"1616",66,2003-01-01,383.911029626248
"1617",66,2004-01-01,713.695445156565
"1618",66,2005-01-01,916.085353149179
"1619",66,2006-01-01,1383.26468081142
"1620",66,2007-01-01,1157.4135782688
"1621",66,2008-01-01,801.043928578569
"1622",66,2018-01-01,925.924677944652
"1623",66,2019-01-01,902.106151015483
"1624",30,2000-01-01,230.528072098213
"1625",30,2001-01-01,360.062172591351
"1626",30,2002-01-01,353.413737969541
"1627",30,2003-01-01,358.112621544457
"1628",30,2004-01-01,324.023384544695
"1629",30,2005-01-01,384.786929473222
"1630",30,2006-01-01,354.192756536446
"1631",30,2007-01-01,369.301052960499
"1632",30,2008-01-01,368.602238619863
"1633",30,2018-01-01,339.997490079238
"1634",30,2019-01-01,361.019614394687
"1635",71,2000-01-01,349.124601751493
"1636",71,2001-01-01,585.331901387391
"1637",71,2002-01-01,793.12551297153
"1638",71,2003-01-01,657.836954037212
"1639",71,2004-01-01,451.226861832349
"1640",71,2005-01-01,650.392575142329
"1641",71,2006-01-01,643.122379724102
"1642",71,2007-01-01,1338.21643809197
"1643",71,2008-01-01,973.857954657006
"1644",71,2018-01-01,1231.63020335939
"1645",71,2019-01-01,1267.23043268405
"1646",90,2000-01-01,187.407177200783
"1647",90,2001-01-01,289.562802599886
"1648",90,2002-01-01,308.830377528313
"1649",90,2003-01-01,317.142252241753
"1650",90,2004-01-01,287.582605362785
"1651",90,2005-01-01,344.086346255177
"1652",90,2006-01-01,311.851017691668
"1653",90,2007-01-01,323.543145370547
"1654",90,2008-01-01,340.95304442478
"1655",90,2018-01-01,644.308197679818
"1656",90,2019-01-01,620.185606205433
"1657",3,2000-01-01,1550.00980045725
"1658",3,2001-01-01,1810.44579660337
"1659",3,2002-01-01,1808.46505919955
"1660",3,2003-01-01,1579.88821328162
"1661",3,2004-01-01,3036.47233909708
"1662",3,2005-01-01,2118.36768145784
"1663",3,2006-01-01,1622.46802166027
"1664",3,2007-01-01,1348.11570996338
"1665",3,2008-01-01,1940.86588484833
"1666",3,2018-01-01,1666.63084669759
"1667",3,2019-01-01,1678.95741999409
"1668",19,2000-01-01,1637.0112775899
"1669",19,2001-01-01,1536.25535758063
"1670",19,2002-01-01,1653.55807374064
"1671",19,2003-01-01,1821.73351922682
"1672",19,2004-01-01,1903.10866011559
"1673",19,2005-01-01,1978.98194960151
"1674",19,2006-01-01,2089.17216295824
"1675",19,2007-01-01,2189.54852898593
"1676",19,2008-01-01,2400.83432563562
"1677",19,2018-01-01,3434.68884502646
"1678",19,2019-01-01,3698.72588652647
"1679",28,2000-01-01,201.145291523636
"1680",28,2001-01-01,200.062784240926
"1681",28,2002-01-01,209.602193825948
"1682",28,2003-01-01,220.082951208922
"1683",28,2004-01-01,230.974164205908
"1684",28,2005-01-01,241.562820343594
"1685",28,2006-01-01,232.439959085174
"1686",28,2007-01-01,247.209925401697
"1687",28,2008-01-01,261.170279903835
"1688",28,2018-01-01,332.644958965352
"1689",28,2019-01-01,372.534846085387
"1690",93,2000-01-01,9.33341247372434
"1691",93,2001-01-01,11.3826311053904
"1692",93,2002-01-01,14.9384947026482
"1693",93,2003-01-01,16.8396885384093
"1694",93,2004-01-01,18.805730253295
"1695",93,2005-01-01,20.6983188565542
"1696",93,2006-01-01,20.6081078969965
"1697",93,2007-01-01,21.0444956683549
"1698",93,2008-01-01,26.0100251969781
"1699",93,2018-01-01,39.3019568204306
"1700",93,2019-01-01,38.250588351707
"1701",11,2000-01-01,895.925547991486
"1702",11,2001-01-01,1011.73567952198
"1703",11,2002-01-01,868.211602340087
"1704",11,2003-01-01,1041.5791826824
"1705",11,2004-01-01,840.435725141825
"1706",11,2005-01-01,1596.04885669976
"1707",11,2006-01-01,1429.72533843721
"1708",11,2007-01-01,1790.3467063724
"1709",11,2008-01-01,1507.0406749925
"1710",11,2018-01-01,1071.06794652795
"1711",11,2019-01-01,1053.92211826688
"1712",62,2000-01-01,1255.45629933748
"1713",62,2001-01-01,960.849657882179
"1714",62,2002-01-01,1098.6013915476
"1715",62,2003-01-01,1128.95121718011
"1716",62,2004-01-01,1127.00255113249
"1717",62,2005-01-01,1135.50119101888
"1718",62,2006-01-01,982.990632908416
"1719",62,2007-01-01,1120.54423766129
"1720",62,2008-01-01,1190.25601916945
"1721",62,2018-01-01,1771.175124724
"1722",62,2019-01-01,1607.45311291611
"1723",43,2000-01-01,84.8827281942029
"1724",43,2001-01-01,109.069280589605
"1725",43,2002-01-01,118.323799165419
"1726",43,2003-01-01,120.45254693383
"1727",43,2004-01-01,190.517625818652
"1728",43,2005-01-01,171.595673446331
"1729",43,2006-01-01,215.026374443392
"1730",43,2007-01-01,227.449366577414
"1731",43,2008-01-01,193.524000195461
"1732",43,2018-01-01,268.098538892421
"1733",43,2019-01-01,269.058589081361
"1734",61,2000-01-01,178.273366491682
"1735",61,2001-01-01,218.870720698767
"1736",61,2002-01-01,247.454833694687
"1737",61,2003-01-01,238.734750342095
"1738",61,2004-01-01,303.111581995628
"1739",61,2005-01-01,393.848848126252
"1740",61,2006-01-01,377.967098493737
"1741",61,2007-01-01,415.07927064176
"1742",61,2008-01-01,513.167668449093
"1743",61,2018-01-01,571.894505395925
"1744",61,2019-01-01,605.672577957164
"1745",1,2000-01-01,7650.39399592626
"1746",1,2001-01-01,7246.24341991987
"1747",1,2002-01-01,7685.25367252297
"1748",1,2003-01-01,8507.7056505619
"1749",1,2004-01-01,8851.3439430111
"1750",1,2005-01-01,9565.02409151489
"1751",1,2006-01-01,9853.88596277228
"1752",1,2007-01-01,10312.3358538262
"1753",1,2008-01-01,11174.46680721
"1754",1,2018-01-01,18768.4835300144
"1755",1,2019-01-01,20235.3582848413
"1756",105,2000-01-01,24683.1227967376
"1757",105,2001-01-01,23379.1771043654
"1758",105,2002-01-01,24795.593563413
"1759",105,2003-01-01,27449.1409727575
"1760",105,2004-01-01,28557.8506908062
"1761",105,2005-01-01,30860.4582104311
"1762",105,2006-01-01,31792.4380592256
"1763",105,2007-01-01,33271.5742923476
"1764",105,2008-01-01,36053.1413855685
"1765",105,2018-01-01,52187.7870344186
"1766",105,2019-01-01,56266.5900548465
"1767",106,2000-01-01,24683.1227967376
"1768",106,2001-01-01,23379.1771043654
"1769",106,2002-01-01,24795.593563413
"1770",106,2003-01-01,27449.1409727575
"1771",106,2004-01-01,28557.8506908062
"1772",106,2005-01-01,30860.4582104311
"1773",106,2006-01-01,31792.4380592256
"1774",106,2007-01-01,33271.5742923476
"1775",106,2008-01-01,36053.1413855685
"1776",106,2018-01-01,52187.7870344186
"1777",106,2019-01-01,56266.5900548465
"1778",81,2000-01-01,191.359488611121
"1779",81,2001-01-01,183.702453187601
"1780",81,2002-01-01,175.145365902537
"1781",81,2003-01-01,190.850239325821
"1782",81,2004-01-01,179.372243721992
"1783",81,2005-01-01,171.309803398606
"1784",81,2006-01-01,171.827282274532
"1785",81,2007-01-01,231.116388388232
"1786",81,2008-01-01,191.805005112751
"1787",81,2018-01-01,372.922737277343
"1788",81,2019-01-01,393.107561993549
"1789",8,2000-01-01,287.362294171913
"1790",8,2001-01-01,356.207572965734
"1791",8,2002-01-01,402.22918330219
"1792",8,2003-01-01,396.597058489721
"1793",8,2004-01-01,431.652819796475
"1794",8,2005-01-01,444.150580240233
"1795",8,2006-01-01,437.552919943859
"1796",8,2007-01-01,403.977872504124
"1797",8,2008-01-01,388.726005921983
"1798",8,2018-01-01,542.359324216321
"1799",8,2019-01-01,537.741615509998
"1800",41,2000-01-01,592.494924742287
"1801",41,2001-01-01,594.507319964205
"1802",41,2002-01-01,589.734611771133
"1803",41,2003-01-01,626.471358723358
"1804",41,2004-01-01,525.033737325446
"1805",41,2005-01-01,451.443278735744
"1806",41,2006-01-01,480.336683992516
"1807",41,2007-01-01,472.152939671644
"1808",41,2008-01-01,420.480848503187
"1809",41,2018-01-01,431.714202118179
"1810",41,2019-01-01,427.303845285709
"1811",44,2000-01-01,605.164062930543
"1812",44,2001-01-01,672.775375593556
"1813",44,2002-01-01,683.418962410279
"1814",44,2003-01-01,600.175052289125
"1815",44,2004-01-01,755.380353546868
"1816",44,2005-01-01,466.597139138623
"1817",44,2006-01-01,438.09366487943
"1818",44,2007-01-01,449.037232049929
"1819",44,2008-01-01,442.414559391687
"1820",44,2018-01-01,571.517835461722
"1821",44,2019-01-01,576.56644471367
"1822",25,2000-01-01,170.957865841401
"1823",25,2001-01-01,181.825277806968
"1824",25,2002-01-01,185.4350954874
"1825",25,2003-01-01,211.486663385225
"1826",25,2004-01-01,200.057137203683
"1827",25,2005-01-01,262.070099748761
"1828",25,2006-01-01,379.920438830011
"1829",25,2007-01-01,339.688172345873
"1830",25,2008-01-01,302.004772465486
"1831",25,2018-01-01,240.884576731058
"1832",25,2019-01-01,247.880440237386
"1833",50,2000-01-01,130.164914980271
"1834",50,2001-01-01,143.768827036509
"1835",50,2002-01-01,145.255570364207
"1836",50,2003-01-01,146.37587858817
"1837",50,2004-01-01,172.701253240306
"1838",50,2005-01-01,174.828677983477
"1839",50,2006-01-01,162.457050902383
"1840",50,2007-01-01,217.429140495068
"1841",50,2008-01-01,173.152724165242
"1842",50,2018-01-01,373.381822542347
"1843",50,2019-01-01,388.05905265882
"1844",45,2000-01-01,1346.74243988063
"1845",45,2001-01-01,1511.83977027475
"1846",45,2002-01-01,2030.72717959569
"1847",45,2003-01-01,2239.55340103702
"1848",45,2004-01-01,2116.07104657152
"1849",45,2005-01-01,2611.26337377514
"1850",45,2006-01-01,4879.70547065406
"1851",45,2007-01-01,5878.46354013164
"1852",45,2008-01-01,5322.9865162029
"1853",45,2018-01-01,7282.51114553815
"1854",45,2019-01-01,7267.76991857121
"1855",15,2000-01-01,209.290422191824
"1856",15,2001-01-01,189.792525117194
"1857",15,2002-01-01,214.323950477303
"1858",15,2003-01-01,225.733405039477
"1859",15,2004-01-01,249.320744258685
"1860",15,2005-01-01,226.8010566273
"1861",15,2006-01-01,244.469316560399
"1862",15,2007-01-01,251.909064245116
"1863",15,2008-01-01,292.059248432099
"1864",15,2018-01-01,480.971925261057
"1865",15,2019-01-01,517.77199185603
"1866",72,2000-01-01,217.954716916553
"1867",72,2001-01-01,177.981513951852
"1868",72,2002-01-01,176.039230522293
"1869",72,2003-01-01,195.317779161444
"1870",72,2004-01-01,204.214150358567
"1871",72,2005-01-01,204.14625164588
"1872",72,2006-01-01,183.331247791657
"1873",72,2007-01-01,182.634061455538
"1874",72,2008-01-01,182.678310960069
"1875",72,2018-01-01,425.641208447568
"1876",72,2019-01-01,467.944101864269
"1877",95,2000-01-01,304.55482440444
"1878",95,2001-01-01,328.28364516098
"1879",95,2002-01-01,343.863478964156
"1880",95,2003-01-01,364.22615663121
"1881",95,2004-01-01,441.232667071891
"1882",95,2005-01-01,489.245362090012
"1883",95,2006-01-01,535.305692456666
"1884",95,2007-01-01,576.789742054393
"1885",95,2008-01-01,603.404515431931
"1886",95,2018-01-01,647.418296060195
"1887",95,2019-01-01,713.39137139323
"1888",91,2000-01-01,58.4168544147734
"1889",91,2001-01-01,101.570818619773
"1890",91,2002-01-01,121.614394096192
"1891",91,2003-01-01,206.837369837049
"1892",91,2004-01-01,176.941449596815
"1893",91,2005-01-01,301.073257594726
"1894",91,2006-01-01,301.175485112104
"1895",91,2007-01-01,283.925333075877
"1896",91,2008-01-01,368.057643803476
"1897",91,2018-01-01,452.943625046907
"1898",91,2019-01-01,398.714696224993
"1899",78,2000-01-01,2123.55950630037
"1900",78,2001-01-01,2000.69021892826
"1901",78,2002-01-01,2183.18103143064
"1902",78,2003-01-01,2199.51414351852
"1903",78,2004-01-01,2458.4682307088
"1904",78,2005-01-01,3080.26590574989
"1905",78,2006-01-01,3498.85174379217
"1906",78,2007-01-01,3811.42120667602
"1907",78,2008-01-01,3508.75991513809
"1908",78,2018-01-01,5148.4097088802
"1909",78,2019-01-01,5504.52138994453
"1910",32,2000-01-01,112.60342880339
"1911",32,2001-01-01,164.766065213559
"1912",32,2002-01-01,154.780874598999
"1913",32,2003-01-01,160.525867495992
"1914",32,2004-01-01,154.42178606146
"1915",32,2005-01-01,162.528447898603
"1916",32,2006-01-01,199.33778894119
"1917",32,2007-01-01,138.92542282967
"1918",32,2008-01-01,125.657929632473
"1919",32,2018-01-01,256.027219369014
"1920",32,2019-01-01,266.115940725749
"1921",46,2000-01-01,214.61555833506
"1922",46,2001-01-01,216.127390145309
"1923",46,2002-01-01,241.670685840883
"1924",46,2003-01-01,227.522952654866
"1925",46,2004-01-01,218.802354809808
"1926",46,2005-01-01,194.828967617786
"1927",46,2006-01-01,176.905015597945
"1928",46,2007-01-01,170.848613173315
"1929",46,2008-01-01,142.428693014412
"1930",46,2018-01-01,260.469584253894
"1931",46,2019-01-01,290.396935030838
"1932",85,2000-01-01,49.526529977288
"1933",85,2001-01-01,47.4800327300253
"1934",85,2002-01-01,45.3881196924546
"1935",85,2003-01-01,48.0315663289713
"1936",85,2004-01-01,54.4410974145287
"1937",85,2005-01-01,79.8362124291873
"1938",85,2006-01-01,74.6805087952043
"1939",85,2007-01-01,70.0413552623347
"1940",85,2008-01-01,73.345847060558
"1941",85,2018-01-01,152.630419774172
"1942",85,2019-01-01,150.032534253616
"1943",9,2000-01-01,675.851138737113
"1944",9,2001-01-01,635.150576498044
"1945",9,2002-01-01,689.141089768795
"1946",9,2003-01-01,752.922849973722
"1947",9,2004-01-01,798.349591743182
"1948",9,2005-01-01,824.023204909988
"1949",9,2006-01-01,842.67065677445
"1950",9,2007-01-01,872.949847214201
"1951",9,2008-01-01,968.645365776074
"1952",9,2018-01-01,1404.50354836186
"1953",9,2019-01-01,1517.6123251327
"1954",49,2000-01-01,213.759028878696
"1955",49,2001-01-01,219.143115714045
"1956",49,2002-01-01,197.759258313054
"1957",49,2003-01-01,210.99017309737
"1958",49,2004-01-01,171.494683429963
"1959",49,2005-01-01,188.662572912438
"1960",49,2006-01-01,185.568360598661
"1961",49,2007-01-01,165.756266224443
"1962",49,2008-01-01,132.877014415983
"1963",49,2018-01-01,483.547367775915
"1964",49,2019-01-01,422.539923015574
"1965",10,2000-01-01,940.384811610942
"1966",10,2001-01-01,1069.20599241886
"1967",10,2002-01-01,898.387400253364
"1968",10,2003-01-01,1081.26496286457
"1969",10,2004-01-01,862.249844390274
"1970",10,2005-01-01,1650.11711501131
"1971",10,2006-01-01,1375.44385281775
"1972",10,2007-01-01,1728.38280474413
"1973",10,2008-01-01,1430.80376499174
"1974",10,2018-01-01,926.86769469616
"1975",10,2019-01-01,899.705425055194
"1976",23,2000-01-01,1449.18771513557
"1977",23,2001-01-01,1394.48462862931
"1978",23,2002-01-01,1637.26543057114
"1979",23,2003-01-01,1882.55655406978
"1980",23,2004-01-01,2019.13264872766
"1981",23,2005-01-01,2317.69462273139
"1982",23,2006-01-01,2613.74622270502
"1983",23,2007-01-01,2559.39313876517
"1984",23,2008-01-01,2827.23648542406
"1985",23,2018-01-01,2439.3128887095
"1986",23,2019-01-01,2605.87971976585
"1987",88,2000-01-01,312.491954251157
"1988",88,2001-01-01,593.932795080726
"1989",88,2002-01-01,650.23255461008
"1990",88,2003-01-01,717.846866842297
"1991",88,2004-01-01,570.810840647769
"1992",88,2005-01-01,862.344203692914
"1993",88,2006-01-01,843.873638966334
"1994",88,2007-01-01,946.478434310864
"1995",88,2008-01-01,1012.45695514244
"1996",88,2018-01-01,1451.74840876475
"1997",88,2019-01-01,1416.77676125071
"1998",53,2000-01-01,22.6989374517913
"1999",53,2001-01-01,15.7784886098146
"2000",53,2002-01-01,15.999673624554
"2001",53,2003-01-01,15.9141103254625
"2002",53,2004-01-01,22.8698234532478
"2003",53,2005-01-01,20.1832905759093
"2004",53,2006-01-01,18.7323592599787
"2005",53,2007-01-01,25.9982404724192
"2006",53,2008-01-01,57.4836770666374
"2007",53,2018-01-01,426.104807972255
"2008",53,2019-01-01,457.789372550563
"2009",70,2000-01-01,945.770261125464
"2010",70,2001-01-01,903.519655553006
"2011",70,2002-01-01,989.470413790318
"2012",70,2003-01-01,995.10218316226
"2013",70,2004-01-01,1134.27825229118
"2014",70,2005-01-01,1380.84054948331
"2015",70,2006-01-01,1577.65291034636
"2016",70,2007-01-01,1714.37700256481
"2017",70,2008-01-01,1611.27543600998
"2018",70,2018-01-01,2362.45906434958
"2019",70,2019-01-01,2528.45205888844
"2020",5,2000-01-01,134.667873648265
"2021",5,2001-01-01,170.694382729789
"2022",5,2002-01-01,182.424924654752
"2023",5,2003-01-01,192.851311122699
"2024",5,2004-01-01,278.392157544429
"2025",5,2005-01-01,258.902413539929
"2026",5,2006-01-01,276.207360844139
"2027",5,2007-01-01,246.907101356779
"2028",5,2008-01-01,252.354241335376
"2029",5,2018-01-01,242.08996369034
"2030",5,2019-01-01,244.829977347665
"2031",54,2000-01-01,41.204540809532
"2032",54,2001-01-01,39.462517044709
"2033",54,2002-01-01,39.8913537820632
"2034",54,2003-01-01,41.3393716525376
"2035",54,2004-01-01,37.9054152165779
"2036",54,2005-01-01,42.9922662467176
"2037",54,2006-01-01,40.0673277659506
"2038",54,2007-01-01,121.916728841947
"2039",54,2008-01-01,156.346076868318
"2040",54,2018-01-01,111.197838147089
"2041",54,2019-01-01,116.611023775561
"2042",97,2000-01-01,143.864831281414
"2043",97,2001-01-01,196.103223741975
"2044",97,2002-01-01,205.473246377891
"2045",97,2003-01-01,216.632687320061
"2046",97,2004-01-01,211.023718377522
"2047",97,2005-01-01,221.459592078
"2048",97,2006-01-01,272.067838912327
"2049",97,2007-01-01,308.899251825358
"2050",97,2008-01-01,327.274832238225
"2051",97,2018-01-01,446.070825394144
"2052",97,2019-01-01,452.67189201361
"2053",20,2000-01-01,1003.88693069647
"2054",20,2001-01-01,1320.39288249838
"2055",20,2002-01-01,1203.36859838742
"2056",20,2003-01-01,1167.13034992857
"2057",20,2004-01-01,1150.09894618942
"2058",20,2005-01-01,948.754763437929
"2059",20,2006-01-01,936.416001043885
"2060",20,2007-01-01,916.711552304737
"2061",20,2008-01-01,835.554280236257
"2062",20,2018-01-01,1181.3451329969
"2063",20,2019-01-01,1106.81139552721
"2064",35,2000-01-01,163.986568505217
"2065",35,2001-01-01,175.412052139677
"2066",35,2002-01-01,176.121173648373
"2067",35,2003-01-01,177.868886728232
"2068",35,2004-01-01,145.207852886952
"2069",35,2005-01-01,187.557446104061
"2070",35,2006-01-01,196.813992604158
"2071",35,2007-01-01,197.961177164778
"2072",35,2008-01-01,186.781359847356
"2073",35,2018-01-01,177.570987089804
"2074",35,2019-01-01,188.575807268444
"2075",29,2000-01-01,190.398253990216
"2076",29,2001-01-01,294.122717525923
"2077",29,2002-01-01,295.452578350018
"2078",29,2003-01-01,277.348816577872
"2079",29,2004-01-01,276.946705360145
"2080",29,2005-01-01,338.133609947043
"2081",29,2006-01-01,411.364238541532
"2082",29,2007-01-01,346.087050956652
"2083",29,2008-01-01,298.665095801164
"2084",29,2018-01-01,312.72191804103
"2085",29,2019-01-01,314.562051209266
"2086",21,2000-01-01,240.568922173166
"2087",21,2001-01-01,310.261413952484
"2088",21,2002-01-01,299.10875887645
"2089",21,2003-01-01,294.554909850541
"2090",21,2004-01-01,249.009646654798
"2091",21,2005-01-01,257.763322739448
"2092",21,2006-01-01,257.193775595649
"2093",21,2007-01-01,249.2048130814
"2094",21,2008-01-01,201.934225130244
"2095",21,2018-01-01,313.878248283571
"2096",21,2019-01-01,273.847834061309
"2097",51,2000-01-01,197.953247496099
"2098",51,2001-01-01,195.195846935114
"2099",51,2002-01-01,188.155405984012
"2100",51,2003-01-01,188.429095332267
"2101",51,2004-01-01,170.572374889269
"2102",51,2005-01-01,177.696579905517
"2103",51,2006-01-01,164.929387692698
"2104",51,2007-01-01,201.216488352883
"2105",51,2008-01-01,224.485288318021
"2106",51,2018-01-01,365.775593593177
"2107",51,2019-01-01,346.239724413872
"2108",103,2000-01-01,144.813765459212
"2109",103,2001-01-01,159.638750359768
"2110",103,2002-01-01,164.246908354301
"2111",103,2003-01-01,164.912415750159
"2112",103,2004-01-01,106.960623415577
"2113",103,2005-01-01,117.35241299585
"2114",103,2006-01-01,98.3475266721462
"2115",103,2007-01-01,90.6507423064253
"2116",103,2008-01-01,88.5680438753776
"2117",103,2018-01-01,76.2576306380565
"2118",103,2019-01-01,75.5474926661192
"2119",13,2000-01-01,567.930784120986
"2120",13,2001-01-01,533.674410581567
"2121",13,2002-01-01,577.164362886922
"2122",13,2003-01-01,633.081027501486
"2123",13,2004-01-01,670.715860391378
"2124",13,2005-01-01,696.073677892469
"2125",13,2006-01-01,705.028564375144
"2126",13,2007-01-01,729.592250720137
"2127",13,2008-01-01,808.205900084024
"2128",13,2018-01-01,1175.46361432574
"2129",13,2019-01-01,1271.40679199248
"2130",58,2000-01-01,322.007101877397
"2131",58,2001-01-01,361.650792939188
"2132",58,2002-01-01,360.581167123702
"2133",58,2003-01-01,429.649808354254
"2134",58,2004-01-01,401.148474761645
"2135",58,2005-01-01,471.652953102998
"2136",58,2006-01-01,509.925638727519
"2137",58,2007-01-01,522.801228441115
"2138",58,2008-01-01,507.867514107901
"2139",58,2018-01-01,679.595784030389
"2140",58,2019-01-01,710.453967105294
"2141",104,2000-01-01,148.238062516465
"2142",104,2001-01-01,173.441736570073
"2143",104,2002-01-01,180.194064761266
"2144",104,2003-01-01,168.119201722695
"2145",104,2004-01-01,207.670664966601
"2146",104,2005-01-01,208.540938878146
"2147",104,2006-01-01,202.780889269313
"2148",104,2007-01-01,195.215527747677
"2149",104,2008-01-01,181.163328318082
"2150",104,2018-01-01,185.019826077225
"2151",104,2019-01-01,185.303630824511
"2152",79,2000-01-01,234.24550732924
"2153",79,2001-01-01,215.280502745069
"2154",79,2002-01-01,219.64163265469
"2155",79,2003-01-01,223.163888504239
"2156",79,2004-01-01,183.030392552156
"2157",79,2005-01-01,191.888233714376
"2158",79,2006-01-01,188.278222107862
"2159",79,2007-01-01,193.573050053134
"2160",79,2008-01-01,194.372638253076
"2161",79,2018-01-01,355.690637369832
"2162",79,2019-01-01,348.58407558408
"2163",101,2000-01-01,24523.8825715896
"2164",101,2001-01-01,23023.7537587602
"2165",101,2002-01-01,24767.8021350488
"2166",101,2003-01-01,27224.2153864567
"2167",101,2004-01-01,28496.7474829451
"2168",101,2005-01-01,29816.1629099462
"2169",101,2006-01-01,31253.5507487844
"2170",101,2007-01-01,32614.887860834
"2171",101,2008-01-01,35769.0634848277
"2172",101,2018-01-01,52318.440294415
"2173",101,2019-01-01,56348.1501718728
"2174",76,2000-01-01,84.9294597672426
"2175",76,2001-01-01,83.2816264422944
"2176",76,2002-01-01,83.0667674610784
"2177",76,2003-01-01,86.1239066840662
"2178",76,2004-01-01,65.8240454462222
"2179",76,2005-01-01,80.6289799085373
"2180",76,2006-01-01,76.1777846624862
"2181",76,2007-01-01,81.6420389782247
"2182",76,2008-01-01,73.8156539470156
"2183",76,2018-01-01,193.274081507629
"2184",76,2019-01-01,190.404135046289
"2185",100,2000-01-01,8219.90562956273
"2186",100,2001-01-01,7822.21628098912
"2187",100,2002-01-01,8233.53078444554
"2188",100,2003-01-01,9184.18386873019
"2189",100,2004-01-01,9490.54932291601
"2190",100,2005-01-01,10324.1961921219
"2191",100,2006-01-01,10641.7951061114
"2192",100,2007-01-01,11173.8925995702
"2193",100,2008-01-01,12021.0990938566
"2194",100,2018-01-01,15925.6042429631
"2195",100,2019-01-01,17176.4182728214
"2196",83,2000-01-01,125.715458309859
"2197",83,2001-01-01,120.454749431175
"2198",83,2002-01-01,114.743315802004
"2199",83,2003-01-01,120.743629055715
"2200",83,2004-01-01,124.698569556766
"2201",83,2005-01-01,182.133025665799
"2202",83,2006-01-01,176.61522746162
"2203",83,2007-01-01,164.162660935679
"2204",83,2008-01-01,206.396066373992
"2205",83,2018-01-01,354.994231543062
"2206",83,2019-01-01,338.921942912909
"2207",74,2000-01-01,304.901151061307
"2208",74,2001-01-01,306.74226476953
"2209",74,2002-01-01,335.0768506338
"2210",74,2003-01-01,393.200907686521
"2211",74,2004-01-01,289.506779938776
"2212",74,2005-01-01,404.637178674133
"2213",74,2006-01-01,600.493509693178
"2214",74,2007-01-01,610.766110696002
"2215",74,2008-01-01,573.087026183832
"2216",74,2018-01-01,1150.06989251712
"2217",74,2019-01-01,1039.86534326033
"2218",86,2000-01-01,51.8216359503877
"2219",86,2001-01-01,73.7473913465811
"2220",86,2002-01-01,78.7735149836517
"2221",86,2003-01-01,82.182445963942
"2222",86,2004-01-01,105.33734089391
"2223",86,2005-01-01,122.203038178071
"2224",86,2006-01-01,115.82206988143
"2225",86,2007-01-01,105.065334776854
"2226",86,2008-01-01,108.984553640463
"2227",86,2018-01-01,228.991170246096
"2228",86,2019-01-01,248.271512850431
"2229",14,2000-01-01,4872.58527077772
"2230",14,2001-01-01,4581.20088736327
"2231",14,2002-01-01,4911.600023304
"2232",14,2003-01-01,5405.52152488066
"2233",14,2004-01-01,5649.76989992866
"2234",14,2005-01-01,5985.33293754451
"2235",14,2006-01-01,6239.2235065659
"2236",14,2007-01-01,6512.96472576485
"2237",14,2008-01-01,7107.46906390778
"2238",14,2018-01-01,30337.4389750301
"2239",14,2019-01-01,32688.7050995436
"2240",47,2000-01-01,135.466394308984
"2241",47,2001-01-01,176.402387048811
"2242",47,2002-01-01,190.035168848089
"2243",47,2003-01-01,187.478718711933
"2244",47,2004-01-01,148.510523127741
"2245",47,2005-01-01,152.060752576471
"2246",47,2006-01-01,155.90218740581
"2247",47,2007-01-01,141.065900824912
"2248",47,2008-01-01,150.629706658914
"2249",47,2018-01-01,326.78089242964
"2250",47,2019-01-01,313.978167164924
"2251",80,2000-01-01,164.878087081994
"2252",80,2001-01-01,161.962555369339
"2253",80,2002-01-01,158.714048575896
"2254",80,2003-01-01,171.354911661577
"2255",80,2004-01-01,146.764638910784
"2256",80,2005-01-01,251.037386594618
"2257",80,2006-01-01,196.506341142399
"2258",80,2007-01-01,228.425511319309
"2259",80,2008-01-01,160.431602310886
"2260",80,2018-01-01,311.019309865328
"2261",80,2019-01-01,294.166769297662
"2262",59,2000-01-01,372.114790709497
"2263",59,2001-01-01,371.921291092487
"2264",59,2002-01-01,404.812835067914
"2265",59,2003-01-01,478.877863138715
"2266",59,2004-01-01,560.008095809497
"2267",59,2005-01-01,575.156911589986
"2268",59,2006-01-01,637.205541025
"2269",59,2007-01-01,743.561943147414
"2270",59,2008-01-01,805.700490729571
"2271",59,2018-01-01,879.576900340682
"2272",59,2019-01-01,992.336733712757
"2273",38,2000-01-01,1056.36841457855
"2274",38,2001-01-01,994.690416907031
"2275",38,2002-01-01,1048.94394518472
"2276",38,2003-01-01,1042.0612257842
"2277",38,2004-01-01,963.786432587662
"2278",38,2005-01-01,1113.30569827262
"2279",38,2006-01-01,1273.39547141094
"2280",38,2007-01-01,1083.70351288673
"2281",38,2008-01-01,1259.81260289932
"2282",38,2018-01-01,1189.95392485172
"2283",38,2019-01-01,1131.08269709536
"2284",87,2000-01-01,1327.55451617459
"2285",87,2001-01-01,1268.84407570126
"2286",87,2002-01-01,1389.57291772816
"2287",87,2003-01-01,1397.55729004973
"2288",87,2004-01-01,1594.44151710893
"2289",87,2005-01-01,1939.1402529397
"2290",87,2006-01-01,2215.84768411048
"2291",87,2007-01-01,2404.43762054505
"2292",87,2008-01-01,2264.75528054782
"2293",87,2018-01-01,3163.25379411549
"2294",87,2019-01-01,3385.85109906214
"2295",52,2000-01-01,80.5446349032845
"2296",52,2001-01-01,67.3196261162422
"2297",52,2002-01-01,63.1977361332642
"2298",52,2003-01-01,65.2312119783406
"2299",52,2004-01-01,91.3497717928678
"2300",52,2005-01-01,90.2463553624195
"2301",52,2006-01-01,89.587680724011
"2302",52,2007-01-01,93.9231043850492
"2303",52,2008-01-01,86.0364746827681
"2304",52,2018-01-01,403.12427449058
"2305",52,2019-01-01,370.826919264624
"2306",98,2000-01-01,197.317982842012
"2307",98,2001-01-01,231.725436017747
"2308",98,2002-01-01,215.018614695407
"2309",98,2003-01-01,233.263306631309
"2310",98,2004-01-01,210.893150393168
"2311",98,2005-01-01,230.195057363048
"2312",98,2006-01-01,259.298803275482
"2313",98,2007-01-01,266.569764421806
"2314",98,2008-01-01,288.99604296706
"2315",98,2018-01-01,449.403106262573
"2316",98,2019-01-01,497.349914976254
"2317",26,2000-01-01,43.4066147942621
"2318",26,2001-01-01,66.5688211421467
"2319",26,2002-01-01,65.4948994116411
"2320",26,2003-01-01,66.0529086072242
"2321",26,2004-01-01,59.8628662481947
"2322",26,2005-01-01,70.2533295711698
"2323",26,2006-01-01,64.4824122381092
"2324",26,2007-01-01,67.7622887349212
"2325",26,2008-01-01,66.9230781644033
"2326",26,2018-01-01,139.649072319184
"2327",26,2019-01-01,143.708513013426
"2328",42,2000-01-01,236.166553750807
"2329",42,2001-01-01,321.061504445798
"2330",42,2002-01-01,288.818875919767
"2331",42,2003-01-01,261.137588465196
"2332",42,2004-01-01,379.756810982294
"2333",42,2005-01-01,283.318628592277
"2334",42,2006-01-01,273.065646165602
"2335",42,2007-01-01,292.515128155372
"2336",42,2008-01-01,245.326784926261
"2337",42,2018-01-01,231.32726654756
"2338",42,2019-01-01,249.525799305047
"2339",22,2000-01-01,316.581871441953
"2340",22,2001-01-01,367.869343691683
"2341",22,2002-01-01,400.376777277599
"2342",22,2003-01-01,375.931146476176
"2343",22,2004-01-01,321.853559347886
"2344",22,2005-01-01,311.195744276735
"2345",22,2006-01-01,354.087011717154
"2346",22,2007-01-01,325.185789419348
"2347",22,2008-01-01,336.70043999167
"2348",22,2018-01-01,557.286614028864
"2349",22,2019-01-01,521.148223572886
"2350",17,2000-01-01,770.489137902753
"2351",17,2001-01-01,727.44173139717
"2352",17,2002-01-01,702.323215047599
"2353",17,2003-01-01,681.354784200906
"2354",17,2004-01-01,619.806083158369
"2355",17,2005-01-01,574.105790792918
"2356",17,2006-01-01,615.681972558649
"2357",17,2007-01-01,575.44471327535
"2358",17,2008-01-01,544.0973127445
"2359",17,2018-01-01,726.739247814024
"2360",17,2019-01-01,632.698888349562
"2361",77,2000-01-01,66.8163764210424
"2362",77,2001-01-01,63.6333808097155
"2363",77,2002-01-01,63.9766612156276
"2364",77,2003-01-01,68.6178369074385
"2365",77,2004-01-01,80.2868626126852
"2366",77,2005-01-01,87.5522418179002
"2367",77,2006-01-01,98.8426929732824
"2368",77,2007-01-01,95.2317964107962
"2369",77,2008-01-01,105.990621764307
"2370",77,2018-01-01,159.0497016602
"2371",77,2019-01-01,170.984757704828
"2372",94,2000-01-01,96.2345964538762
"2373",94,2001-01-01,154.774844856511
"2374",94,2002-01-01,204.791248355811
"2375",94,2003-01-01,232.557703136295
"2376",94,2004-01-01,251.581637424385
"2377",94,2005-01-01,304.490247140037
"2378",94,2006-01-01,302.845589563566
"2379",94,2007-01-01,269.355990810231
"2380",94,2008-01-01,356.364650519511
"2381",94,2018-01-01,416.985027144466
"2382",94,2019-01-01,396.057484290702
"2383",31,2000-01-01,354.829218877437
"2384",31,2001-01-01,508.677331491469
"2385",31,2002-01-01,502.157758302248
"2386",31,2003-01-01,520.948720383977
"2387",31,2004-01-01,517.524124860676
"2388",31,2005-01-01,558.829329831208
"2389",31,2006-01-01,543.721049584218
"2390",31,2007-01-01,521.570304802741
"2391",31,2008-01-01,530.001249555085
"2392",31,2018-01-01,488.661285488944
"2393",31,2019-01-01,494.963031774771
"2394",34,2000-01-01,821.34542987725
"2395",34,2001-01-01,638.952037876497
"2396",34,2002-01-01,538.865210122438
"2397",34,2003-01-01,606.456260124108
"2398",34,2004-01-01,483.660228178113
"2399",34,2005-01-01,745.674809284726
"2400",34,2006-01-01,920.470415994604
"2401",34,2007-01-01,1052.48990750935
"2402",34,2008-01-01,1652.46224888596
"2403",34,2018-01-01,1117.16597599486
"2404",34,2019-01-01,1063.81085743327
"2405",40,2000-01-01,63.6916081751713
"2406",40,2001-01-01,72.4050155416229
"2407",40,2002-01-01,81.6527603155707
"2408",40,2003-01-01,79.0373382972185
"2409",40,2004-01-01,66.6642710852352
"2410",40,2005-01-01,72.5671843327798
"2411",40,2006-01-01,81.8387553363978
"2412",40,2007-01-01,78.6165411511417
"2413",40,2008-01-01,82.4393457263247
"2414",40,2018-01-01,74.6181814538556
"2415",40,2019-01-01,76.5613364405535
